frame_index,timestamp,latitude,longitude,speed,speed_units
0,08-04-2024 11:04:08,30.435579,-97.669124,56,MPH
3,08-04-2024 11:04:11,30.436283,-97.669076,58,MPH
6,08-04-2024 11:04:14,30.437,-97.668978,58,MPH
9,08-04-2024 11:04:17,30.437659,-97.668864,48,MPH
12,08-04-2024 11:04:20,30.438216,-97.668766,45,MPH
15,08-04-2024 11:04:23,30.438733,-97.668669,41,MPH
18,08-04-2024 11:04:26,30.439229,-97.668571,40,MPH
21,08-04-2024 11:04:29,30.439746,-97.668473,44,MPH
24,08-04-2024 11:04:32,30.440295,-97.668376,48,MPH
27,08-04-2024 11:04:35,30.440922,-97.668278,55,MPH
30,08-04-2024 11:04:38,30.441577,-97.668164,55,MPH
33,08-04-2024 11:04:41,30.442249,-97.668034,57,MPH
36,08-04-2024 11:04:44,30.442932,-97.667887,56,MPH
39,08-04-2024 11:04:47,30.443604,-97.667757,55,MPH
42,08-04-2024 11:04:50,30.444259,-97.667627,54,MPH
45,08-04-2024 11:04:53,30.444922,-97.667513,54,MPH
48,08-04-2024 11:04:56,30.445622,-97.667399,59,MPH
51,08-04-2024 11:04:59,30.446346,-97.667269,61,MPH
54,08-04-2024 11:05:02,30.447099,-97.667122,64,MPH
57,08-04-2024 11:05:05,30.447888,-97.666976,66,MPH
60,08-04-2024 11:05:08,30.44869,-97.666813,67,MPH
63,08-04-2024 11:05:11,30.449495,-97.66665,67,MPH
66,08-04-2024 11:05:14,30.450301,-97.666504,67,MPH
69,08-04-2024 11:05:17,30.451107,-97.666357,67,MPH
72,08-04-2024 11:05:20,30.451929,-97.666227,68,MPH
75,08-04-2024 11:05:23,30.452767,-97.666146,69,MPH
78,08-04-2024 11:05:26,30.453613,-97.666113,70,MPH
81,08-04-2024 11:05:29,30.454468,-97.66613,70,MPH
84,08-04-2024 11:05:32,30.455326,-97.666211,70,MPH
87,08-04-2024 11:05:35,30.456165,-97.666341,69,MPH
90,08-04-2024 11:05:38,30.457003,-97.66652,70,MPH
93,08-04-2024 11:05:41,30.457833,-97.666748,70,MPH
96,08-04-2024 11:05:44,30.458647,-97.667008,69,MPH
99,08-04-2024 11:05:47,30.459477,-97.667269,71,MPH
102,08-04-2024 11:05:50,30.460319,-97.667546,72,MPH
105,08-04-2024 11:05:53,30.461165,-97.667822,72,MPH
108,08-04-2024 11:05:56,30.462012,-97.668083,72,MPH
111,08-04-2024 11:05:59,30.462854,-97.668343,72,MPH
114,08-04-2024 11:06:02,30.4637,-97.66862,72,MPH
117,08-04-2024 11:06:05,30.464543,-97.66888,72,MPH
120,08-04-2024 11:06:08,30.465385,-97.669141,72,MPH
123,08-04-2024 11:06:11,30.466223,-97.669417,72,MPH
126,08-04-2024 11:06:14,30.467061,-97.669678,71,MPH
129,08-04-2024 11:06:17,30.4679,-97.669938,71,MPH
132,08-04-2024 11:06:20,30.468726,-97.670199,70,MPH
135,08-04-2024 11:06:23,30.46956,-97.670475,72,MPH
138,08-04-2024 11:06:26,30.470406,-97.670736,72,MPH
141,08-04-2024 11:06:29,30.47124,-97.671012,71,MPH
144,08-04-2024 11:06:32,30.472066,-97.671289,70,MPH
147,08-04-2024 11:06:35,30.472892,-97.671533,70,MPH
150,08-04-2024 11:06:38,30.473714,-97.671794,70,MPH
153,08-04-2024 11:06:41,30.474536,-97.672054,70,MPH
156,08-04-2024 11:06:44,30.475362,-97.672314,70,MPH
159,08-04-2024 11:06:47,30.476184,-97.672575,70,MPH
162,08-04-2024 11:06:50,30.476998,-97.672835,69,MPH
165,08-04-2024 11:06:53,30.477812,-97.673096,69,MPH
168,08-04-2024 11:06:56,30.478605,-97.67334,67,MPH
171,08-04-2024 11:06:59,30.47939,-97.673584,67,MPH
174,08-04-2024 11:07:02,30.48018,-97.673828,69,MPH
177,08-04-2024 11:07:05,30.480953,-97.674072,64,MPH
0,08-04-2024 11:07:08,30.481726,-97.674284,67,MPH
3,08-04-2024 11:07:11,30.482515,-97.674528,67,MPH
6,08-04-2024 11:07:14,30.483309,-97.674788,67,MPH
9,08-04-2024 11:07:17,30.484106,-97.675033,68,MPH
12,08-04-2024 11:07:20,30.484904,-97.675277,68,MPH
15,08-04-2024 11:07:23,30.485697,-97.675537,68,MPH
18,08-04-2024 11:07:26,30.486491,-97.675798,67,MPH
21,08-04-2024 11:07:29,30.48728,-97.676058,67,MPH
24,08-04-2024 11:07:32,30.488078,-97.676302,68,MPH
27,08-04-2024 11:07:35,30.488879,-97.676562,68,MPH
30,08-04-2024 11:07:38,30.489689,-97.676774,68,MPH
33,08-04-2024 11:07:41,30.490491,-97.677018,69,MPH
36,08-04-2024 11:07:44,30.4913,-97.677279,69,MPH
39,08-04-2024 11:07:47,30.492098,-97.677539,67,MPH
42,08-04-2024 11:07:50,30.492887,-97.677799,67,MPH
45,08-04-2024 11:07:53,30.493673,-97.678092,67,MPH
48,08-04-2024 11:07:56,30.49445,-97.678385,67,MPH
51,08-04-2024 11:07:59,30.495227,-97.678727,69,MPH
54,08-04-2024 11:08:02,30.496008,-97.679085,69,MPH
57,08-04-2024 11:08:05,30.496761,-97.67946,66,MPH
60,08-04-2024 11:08:08,30.497493,-97.679867,65,MPH
63,08-04-2024 11:08:11,30.49823,-97.680273,66,MPH
66,08-04-2024 11:08:14,30.498971,-97.680697,68,MPH
69,08-04-2024 11:08:17,30.499707,-97.681136,67,MPH
72,08-04-2024 11:08:20,30.500403,-97.681576,64,MPH
75,08-04-2024 11:08:23,30.50109,-97.681999,64,MPH
78,08-04-2024 11:08:26,30.50179,-97.682422,65,MPH
81,08-04-2024 11:08:29,30.502494,-97.682829,65,MPH
84,08-04-2024 11:08:32,30.50319,-97.683252,64,MPH
87,08-04-2024 11:08:35,30.503902,-97.683626,64,MPH
90,08-04-2024 11:08:38,30.504635,-97.683984,66,MPH
93,08-04-2024 11:08:41,30.5054,-97.684326,68,MPH
96,08-04-2024 11:08:44,30.506181,-97.684668,68,MPH
99,08-04-2024 11:08:47,30.50695,-97.684977,66,MPH
102,08-04-2024 11:08:50,30.507715,-97.68527,66,MPH
105,08-04-2024 11:08:53,30.508472,-97.685563,65,MPH
108,08-04-2024 11:08:56,30.509229,-97.685856,66,MPH
111,08-04-2024 11:08:59,30.509998,-97.686117,66,MPH
114,08-04-2024 11:09:02,30.510767,-97.686361,65,MPH
117,08-04-2024 11:09:05,30.511515,-97.686556,64,MPH
120,08-04-2024 11:09:08,30.512264,-97.686751,63,MPH
123,08-04-2024 11:09:11,30.513025,-97.68693,63,MPH
126,08-04-2024 11:09:14,30.513761,-97.687109,62,MPH
129,08-04-2024 11:09:17,30.514486,-97.687288,60,MPH
132,08-04-2024 11:09:20,30.515202,-97.687451,60,MPH
135,08-04-2024 11:09:23,30.515918,-97.687614,60,MPH
138,08-04-2024 11:09:26,30.516638,-97.687793,60,MPH
141,08-04-2024 11:09:29,30.517358,-97.687972,61,MPH
144,08-04-2024 11:09:32,30.518091,-97.688135,61,MPH
147,08-04-2024 11:09:35,30.518823,-97.688314,61,MPH
150,08-04-2024 11:09:38,30.519543,-97.688493,60,MPH
153,08-04-2024 11:09:41,30.520251,-97.688656,59,MPH
156,08-04-2024 11:09:44,30.520943,-97.688835,58,MPH
159,08-04-2024 11:09:47,30.521631,-97.688997,58,MPH
162,08-04-2024 11:09:50,30.522343,-97.68916,61,MPH
165,08-04-2024 11:09:53,30.523075,-97.689339,62,MPH
168,08-04-2024 11:09:56,30.523812,-97.689518,62,MPH
171,08-04-2024 11:09:59,30.524544,-97.689681,61,MPH
174,08-04-2024 11:10:02,30.525256,-97.68986,59,MPH
177,08-04-2024 11:10:05,30.525968,-97.690023,59,MPH
0,08-04-2024 11:10:08,30.526676,-97.690186,59,MPH
3,08-04-2024 11:10:11,30.527389,-97.690365,60,MPH
6,08-04-2024 11:10:14,30.528105,-97.690527,60,MPH
9,08-04-2024 11:10:17,30.528821,-97.690706,60,MPH
12,08-04-2024 11:10:20,30.529545,-97.690853,60,MPH
15,08-04-2024 11:10:23,30.530265,-97.691032,60,MPH
18,08-04-2024 11:10:26,30.530977,-97.691195,60,MPH
21,08-04-2024 11:10:29,30.531694,-97.691357,60,MPH
24,08-04-2024 11:10:32,30.532402,-97.691536,59,MPH
27,08-04-2024 11:10:35,30.53311,-97.691683,59,MPH
30,08-04-2024 11:10:38,30.53383,-97.691797,60,MPH
33,08-04-2024 11:10:41,30.53457,-97.691927,62,MPH
36,08-04-2024 11:10:44,30.535327,-97.692025,63,MPH
39,08-04-2024 11:10:47,30.536088,-97.69209,62,MPH
42,08-04-2024 11:10:50,30.536853,-97.692122,64,MPH
45,08-04-2024 11:10:53,30.537638,-97.692155,65,MPH
48,08-04-2024 11:10:56,30.538436,-97.692171,65,MPH
51,08-04-2024 11:10:59,30.539237,-97.692171,66,MPH
54,08-04-2024 11:11:02,30.540035,-97.692204,66,MPH
57,08-04-2024 11:11:05,30.54082,-97.692204,64,MPH
60,08-04-2024 11:11:08,30.541602,-97.69222,64,MPH
63,08-04-2024 11:11:11,30.542383,-97.692236,64,MPH
66,08-04-2024 11:11:14,30.54316,-97.692236,64,MPH
69,08-04-2024 11:11:17,30.543945,-97.692253,65,MPH
72,08-04-2024 11:11:20,30.544731,-97.692269,64,MPH
75,08-04-2024 11:11:23,30.545504,-97.692269,63,MPH
78,08-04-2024 11:11:26,30.546281,-97.692285,63,MPH
81,08-04-2024 11:11:29,30.54707,-97.692301,65,MPH
84,08-04-2024 11:11:32,30.547872,-97.692318,66,MPH
87,08-04-2024 11:11:35,30.548674,-97.692318,66,MPH
90,08-04-2024 11:11:38,30.549479,-97.692334,66,MPH
93,08-04-2024 11:11:41,30.550285,-97.692334,66,MPH
96,08-04-2024 11:11:44,30.55109,-97.69235,66,MPH
99,08-04-2024 11:11:47,30.551896,-97.692367,66,MPH
102,08-04-2024 11:11:50,30.552694,-97.692383,66,MPH
105,08-04-2024 11:11:53,30.553503,-97.692399,67,MPH
108,08-04-2024 11:11:56,30.554321,-97.692399,67,MPH
111,08-04-2024 11:11:59,30.555135,-97.692415,67,MPH
114,08-04-2024 11:12:02,30.555953,-97.692432,67,MPH
117,08-04-2024 11:12:05,30.556759,-97.692432,66,MPH
120,08-04-2024 11:12:08,30.55756,-97.692448,66,MPH
123,08-04-2024 11:12:11,30.558362,-97.692464,66,MPH
126,08-04-2024 11:12:14,30.559159,-97.692464,65,MPH
129,08-04-2024 11:12:17,30.559945,-97.69248,65,MPH
132,08-04-2024 11:12:20,30.56073,-97.69248,64,MPH
135,08-04-2024 11:12:23,30.561515,-97.692497,64,MPH
138,08-04-2024 11:12:26,30.562305,-97.692513,64,MPH
141,08-04-2024 11:12:29,30.563106,-97.692529,66,MPH
144,08-04-2024 11:12:32,30.563908,-97.692546,66,MPH
147,08-04-2024 11:12:35,30.564718,-97.692562,66,MPH
150,08-04-2024 11:12:38,30.565515,-97.692562,65,MPH
153,08-04-2024 11:12:41,30.566313,-97.692578,65,MPH
156,08-04-2024 11:12:44,30.567102,-97.692594,64,MPH
159,08-04-2024 11:12:47,30.567887,-97.692594,65,MPH
162,08-04-2024 11:12:50,30.568677,-97.692611,65,MPH
165,08-04-2024 11:12:53,30.569458,-97.692627,64,MPH
168,08-04-2024 11:12:56,30.570247,-97.692643,65,MPH
171,08-04-2024 11:12:59,30.571033,-97.692643,65,MPH
174,08-04-2024 11:13:02,30.57181,-97.69266,64,MPH
177,08-04-2024 11:13:05,30.572595,-97.692676,64,MPH
0,08-04-2024 11:13:08,30.573381,-97.692676,64,MPH
3,08-04-2024 11:13:11,30.574178,-97.692692,65,MPH
6,08-04-2024 11:13:14,30.57498,-97.692708,66,MPH
9,08-04-2024 11:13:17,30.575793,-97.692725,67,MPH
12,08-04-2024 11:13:20,30.576607,-97.692725,67,MPH
15,08-04-2024 11:13:23,30.577433,-97.692741,68,MPH
18,08-04-2024 11:13:26,30.578251,-97.692757,68,MPH
21,08-04-2024 11:13:29,30.579032,-97.692757,65,MPH
24,08-04-2024 11:13:32,30.579785,-97.692773,61,MPH
27,08-04-2024 11:13:35,30.58053,-97.69279,61,MPH
30,08-04-2024 11:13:38,30.581274,-97.69279,62,MPH
33,08-04-2024 11:13:41,30.582031,-97.692806,63,MPH
36,08-04-2024 11:13:44,30.5828,-97.692822,63,MPH
39,08-04-2024 11:13:47,30.583573,-97.692806,64,MPH
42,08-04-2024 11:13:50,30.584359,-97.692757,65,MPH
45,08-04-2024 11:13:53,30.585156,-97.692692,66,MPH
48,08-04-2024 11:13:56,30.585966,-97.692611,67,MPH
51,08-04-2024 11:13:59,30.58678,-97.692497,67,MPH
54,08-04-2024 11:14:02,30.587581,-97.69235,66,MPH
57,08-04-2024 11:14:05,30.588383,-97.692188,67,MPH
60,08-04-2024 11:14:08,30.589193,-97.692008,68,MPH
63,08-04-2024 11:14:11,30.590015,-97.691781,69,MPH
66,08-04-2024 11:14:14,30.590837,-97.691553,69,MPH
69,08-04-2024 11:14:17,30.591667,-97.691309,70,MPH
72,08-04-2024 11:14:20,30.592501,-97.691064,71,MPH
75,08-04-2024 11:14:23,30.593335,-97.690837,70,MPH
78,08-04-2024 11:14:26,30.594157,-97.690576,69,MPH
81,08-04-2024 11:14:29,30.594963,-97.690299,69,MPH
84,08-04-2024 11:14:32,30.595756,-97.68999,68,MPH
87,08-04-2024 11:14:35,30.596537,-97.689681,68,MPH
90,08-04-2024 11:14:38,30.59731,-97.689339,68,MPH
93,08-04-2024 11:14:41,30.598092,-97.689014,68,MPH
96,08-04-2024 11:14:44,30.598869,-97.688704,68,MPH
99,08-04-2024 11:14:47,30.599646,-97.688379,68,MPH
102,08-04-2024 11:14:50,30.600423,-97.688053,68,MPH
105,08-04-2024 11:14:53,30.601204,-97.687728,68,MPH
108,08-04-2024 11:14:56,30.60199,-97.687402,69,MPH
111,08-04-2024 11:14:59,30.602787,-97.687077,69,MPH
114,08-04-2024 11:15:02,30.603613,-97.6868,71,MPH
117,08-04-2024 11:15:05,30.604468,-97.686589,72,MPH
120,08-04-2024 11:15:08,30.60533,-97.68641,71,MPH
123,08-04-2024 11:15:11,30.606189,-97.686296,71,MPH
126,08-04-2024 11:15:14,30.607052,-97.686247,71,MPH
129,08-04-2024 11:15:17,30.607918,-97.686247,70,MPH
132,08-04-2024 11:15:20,30.608765,-97.686312,69,MPH
135,08-04-2024 11:15:23,30.609587,-97.68641,68,MPH
138,08-04-2024 11:15:26,30.610396,-97.686572,67,MPH
141,08-04-2024 11:15:29,30.61119,-97.686768,66,MPH
144,08-04-2024 11:15:32,30.611975,-97.686979,67,MPH
147,08-04-2024 11:15:35,30.612769,-97.687207,67,MPH
150,08-04-2024 11:15:38,30.613562,-97.687435,67,MPH
153,08-04-2024 11:15:41,30.614351,-97.687663,67,MPH
156,08-04-2024 11:15:44,30.615149,-97.687891,67,MPH
159,08-04-2024 11:15:47,30.615938,-97.688118,67,MPH
162,08-04-2024 11:15:50,30.616724,-97.688346,66,MPH
165,08-04-2024 11:15:53,30.617501,-97.688558,66,MPH
168,08-04-2024 11:15:56,30.61827,-97.688786,65,MPH
171,08-04-2024 11:15:59,30.619035,-97.689014,66,MPH
174,08-04-2024 11:16:02,30.61982,-97.689225,66,MPH
177,08-04-2024 11:16:05,30.620614,-97.689453,67,MPH
0,08-04-2024 11:16:08,30.621395,-97.689681,65,MPH
3,08-04-2024 11:16:11,30.622172,-97.689909,66,MPH
6,08-04-2024 11:16:14,30.622953,-97.69012,66,MPH
9,08-04-2024 11:16:17,30.623739,-97.690348,66,MPH
12,08-04-2024 11:16:20,30.62452,-97.690576,66,MPH
15,08-04-2024 11:16:23,30.625317,-97.690788,67,MPH
18,08-04-2024 11:16:26,30.626119,-97.691016,68,MPH
21,08-04-2024 11:16:29,30.626929,-97.691243,69,MPH
24,08-04-2024 11:16:32,30.627743,-97.691471,69,MPH
27,08-04-2024 11:16:35,30.628569,-97.69165,69,MPH
30,08-04-2024 11:16:38,30.629415,-97.691748,69,MPH
33,08-04-2024 11:16:41,30.630278,-97.691764,70,MPH
36,08-04-2024 11:16:44,30.631148,-97.691683,71,MPH
39,08-04-2024 11:16:47,30.632023,-97.691536,72,MPH
42,08-04-2024 11:16:50,30.632874,-97.691292,71,MPH
45,08-04-2024 11:16:53,30.633716,-97.691032,71,MPH
48,08-04-2024 11:16:56,30.63457,-97.690771,72,MPH
51,08-04-2024 11:16:59,30.635433,-97.690495,72,MPH
54,08-04-2024 11:17:02,30.636296,-97.690218,72,MPH
57,08-04-2024 11:17:05,30.637146,-97.689941,73,MPH
60,08-04-2024 11:17:08,30.637996,-97.689665,72,MPH
63,08-04-2024 11:17:11,30.638826,-97.689323,73,MPH
66,08-04-2024 11:17:14,30.639644,-97.688916,73,MPH
69,08-04-2024 11:17:17,30.640442,-97.68846,73,MPH
72,08-04-2024 11:17:20,30.641215,-97.687972,73,MPH
75,08-04-2024 11:17:23,30.641964,-97.687419,73,MPH
78,08-04-2024 11:17:26,30.642684,-97.686816,73,MPH
81,08-04-2024 11:17:29,30.64338,-97.686165,74,MPH
84,08-04-2024 11:17:32,30.644043,-97.685465,73,MPH
87,08-04-2024 11:17:35,30.64467,-97.684733,73,MPH
90,08-04-2024 11:17:39,30.645508,-97.683757,73,MPH
93,08-04-2024 11:17:42,30.646134,-97.683024,73,MPH
96,08-04-2024 11:17:45,30.646757,-97.682292,72,MPH
99,08-04-2024 11:17:48,30.647375,-97.681576,72,MPH
102,08-04-2024 11:17:51,30.648031,-97.680859,73,MPH
105,08-04-2024 11:17:53,30.648486,-97.68042,73,MPH
108,08-04-2024 11:17:57,30.649438,-97.67959,73,MPH
111,08-04-2024 11:17:59,30.649935,-97.679199,73,MPH
114,08-04-2024 11:18:02,30.650704,-97.678678,73,MPH
117,08-04-2024 11:18:05,30.651485,-97.678206,72,MPH
120,08-04-2024 11:18:08,30.652262,-97.677734,72,MPH
123,08-04-2024 11:18:11,30.653044,-97.677246,72,MPH
126,08-04-2024 11:18:14,30.653809,-97.676774,72,MPH
129,08-04-2024 11:18:17,30.654565,-97.676302,72,MPH
132,08-04-2024 11:18:20,30.655322,-97.67583,71,MPH
135,08-04-2024 11:18:23,30.656075,-97.675374,70,MPH
138,08-04-2024 11:18:26,30.656828,-97.674919,70,MPH
141,08-04-2024 11:18:29,30.657576,-97.674463,70,MPH
144,08-04-2024 11:18:32,30.658329,-97.673975,71,MPH
147,08-04-2024 11:18:35,30.659102,-97.673503,72,MPH
150,08-04-2024 11:18:38,30.659884,-97.673014,73,MPH
153,08-04-2024 11:18:41,30.660673,-97.67251,74,MPH
156,08-04-2024 11:18:44,30.661466,-97.672005,74,MPH
159,08-04-2024 11:18:47,30.66226,-97.671501,75,MPH
162,08-04-2024 11:18:50,30.663062,-97.671012,74,MPH
165,08-04-2024 11:18:53,30.663855,-97.670508,74,MPH
168,08-04-2024 11:18:56,30.664644,-97.670036,73,MPH
171,08-04-2024 11:18:59,30.665422,-97.669548,72,MPH
174,08-04-2024 11:19:02,30.666195,-97.669076,71,MPH
177,08-04-2024 11:19:05,30.66696,-97.668604,71,MPH
0,08-04-2024 11:19:08,30.667716,-97.668132,69,MPH
3,08-04-2024 11:19:11,30.668449,-97.667676,67,MPH
6,08-04-2024 11:19:14,30.669165,-97.667236,66,MPH
9,08-04-2024 11:19:17,30.669881,-97.666797,66,MPH
12,08-04-2024 11:19:20,30.67061,-97.666341,67,MPH
15,08-04-2024 11:19:23,30.671334,-97.665902,66,MPH
18,08-04-2024 11:19:26,30.672021,-97.665462,63,MPH
21,08-04-2024 11:19:29,30.672673,-97.665055,59,MPH
24,08-04-2024 11:19:32,30.673311,-97.664665,60,MPH
27,08-04-2024 11:19:35,30.673954,-97.664274,60,MPH
30,08-04-2024 11:19:38,30.674589,-97.663883,60,MPH
33,08-04-2024 11:19:41,30.675224,-97.663493,59,MPH
36,08-04-2024 11:19:44,30.67585,-97.663102,58,MPH
39,08-04-2024 11:19:47,30.676473,-97.662728,58,MPH
42,08-04-2024 11:19:50,30.677096,-97.662337,58,MPH
45,08-04-2024 11:19:53,30.677722,-97.661947,58,MPH
48,08-04-2024 11:19:56,30.678333,-97.661556,56,MPH
51,08-04-2024 11:19:59,30.678943,-97.661182,57,MPH
54,08-04-2024 11:20:02,30.679565,-97.660824,57,MPH
57,08-04-2024 11:20:05,30.680164,-97.660465,52,MPH
60,08-04-2024 11:20:08,30.680705,-97.66014,50,MPH
63,08-04-2024 11:20:11,30.681238,-97.659798,50,MPH
66,08-04-2024 11:20:14,30.681783,-97.659456,52,MPH
69,08-04-2024 11:20:17,30.682377,-97.659147,55,MPH
72,08-04-2024 11:20:20,30.683028,-97.658887,58,MPH
75,08-04-2024 11:20:23,30.68372,-97.658626,62,MPH
78,08-04-2024 11:20:26,30.684456,-97.658333,64,MPH
81,08-04-2024 11:20:29,30.685205,-97.65804,64,MPH
84,08-04-2024 11:20:32,30.685962,-97.657731,66,MPH
87,08-04-2024 11:20:35,30.686719,-97.657406,65,MPH
90,08-04-2024 11:20:38,30.687451,-97.657113,62,MPH
93,08-04-2024 11:20:41,30.688163,-97.656852,60,MPH
96,08-04-2024 11:20:44,30.688847,-97.656592,58,MPH
99,08-04-2024 11:20:47,30.689506,-97.656331,57,MPH
102,08-04-2024 11:20:50,30.690161,-97.656071,58,MPH
105,08-04-2024 11:20:53,30.690841,-97.655811,59,MPH
108,08-04-2024 11:20:56,30.691528,-97.655534,60,MPH
111,08-04-2024 11:20:59,30.692228,-97.655241,62,MPH
114,08-04-2024 11:21:02,30.692948,-97.654948,63,MPH
117,08-04-2024 11:21:05,30.693669,-97.654655,63,MPH
120,08-04-2024 11:21:08,30.694413,-97.654362,65,MPH
123,08-04-2024 11:21:11,30.695174,-97.654053,66,MPH
126,08-04-2024 11:21:14,30.695923,-97.653695,65,MPH
129,08-04-2024 11:21:17,30.696594,-97.653255,63,MPH
132,08-04-2024 11:21:20,30.697217,-97.652816,58,MPH
135,08-04-2024 11:21:23,30.697786,-97.652393,53,MPH
138,08-04-2024 11:21:26,30.698319,-97.652018,50,MPH
141,08-04-2024 11:21:29,30.69884,-97.651676,50,MPH
144,08-04-2024 11:21:32,30.699357,-97.651318,48,MPH
147,08-04-2024 11:21:35,30.699841,-97.651009,44,MPH
150,08-04-2024 11:21:38,30.700317,-97.650798,39,MPH
153,08-04-2024 11:21:41,30.700708,-97.650667,29,MPH
156,08-04-2024 11:21:44,30.701001,-97.650586,21,MPH
159,08-04-2024 11:21:47,30.701208,-97.650602,17,MPH
162,08-04-2024 11:21:50,30.701339,-97.65083,22,MPH
165,08-04-2024 11:21:53,30.701457,-97.651156,27,MPH
168,08-04-2024 11:21:56,30.701603,-97.651546,31,MPH
171,08-04-2024 11:21:59,30.701762,-97.651969,32,MPH
174,08-04-2024 11:22:02,30.701961,-97.652409,36,MPH
177,08-04-2024 11:22:05,30.702258,-97.652848,42,MPH
0,08-04-2024 11:22:08,30.702645,-97.653271,44,MPH
3,08-04-2024 11:22:11,30.703117,-97.65363,47,MPH
6,08-04-2024 11:22:14,30.703638,-97.653988,51,MPH
9,08-04-2024 11:22:17,30.704179,-97.654362,51,MPH
12,08-04-2024 11:22:20,30.704732,-97.65472,52,MPH
15,08-04-2024 11:22:23,30.705286,-97.655094,52,MPH
18,08-04-2024 11:22:26,30.705843,-97.655485,53,MPH
21,08-04-2024 11:22:29,30.706396,-97.655859,52,MPH
24,08-04-2024 11:22:32,30.70693,-97.656217,50,MPH
27,08-04-2024 11:22:35,30.707463,-97.656592,51,MPH
30,08-04-2024 11:22:38,30.708,-97.65695,51,MPH
33,08-04-2024 11:22:41,30.708553,-97.657324,53,MPH
36,08-04-2024 11:22:44,30.709119,-97.657715,54,MPH
39,08-04-2024 11:22:47,30.709696,-97.658105,56,MPH
42,08-04-2024 11:22:50,30.710282,-97.658512,55,MPH
45,08-04-2024 11:22:53,30.71086,-97.658919,55,MPH
48,08-04-2024 11:22:56,30.711438,-97.659326,56,MPH
51,08-04-2024 11:22:59,30.712024,-97.659749,57,MPH
54,08-04-2024 11:23:02,30.712618,-97.660173,57,MPH
57,08-04-2024 11:23:05,30.713216,-97.660612,58,MPH
60,08-04-2024 11:23:08,30.713818,-97.661035,58,MPH
63,08-04-2024 11:23:11,30.714421,-97.661475,58,MPH
66,08-04-2024 11:23:14,30.715023,-97.661898,58,MPH
69,08-04-2024 11:23:17,30.715625,-97.662321,58,MPH
72,08-04-2024 11:23:20,30.716219,-97.66276,58,MPH
75,08-04-2024 11:23:24,30.717017,-97.663346,58,MPH
78,08-04-2024 11:23:27,30.717627,-97.663786,59,MPH
81,08-04-2024 11:23:30,30.718241,-97.664225,59,MPH
84,08-04-2024 11:23:33,30.71886,-97.664665,59,MPH
87,08-04-2024 11:23:36,30.719478,-97.665104,59,MPH
90,08-04-2024 11:23:39,30.720081,-97.66556,59,MPH
93,08-04-2024 11:23:42,30.720671,-97.666032,59,MPH
96,08-04-2024 11:23:45,30.721248,-97.666536,59,MPH
99,08-04-2024 11:23:48,30.721814,-97.667041,59,MPH
102,08-04-2024 11:23:51,30.722347,-97.667578,57,MPH
105,08-04-2024 11:23:54,30.722852,-97.668132,57,MPH
108,08-04-2024 11:23:57,30.723348,-97.668701,57,MPH
111,08-04-2024 11:24:00,30.723828,-97.669271,57,MPH
114,08-04-2024 11:24:03,30.724292,-97.669873,57,MPH
117,08-04-2024 11:24:06,30.724731,-97.670475,55,MPH
120,08-04-2024 11:24:09,30.725134,-97.671094,54,MPH
123,08-04-2024 11:24:12,30.725529,-97.671712,54,MPH
126,08-04-2024 11:24:15,30.725911,-97.672331,54,MPH
129,08-04-2024 11:24:18,30.726282,-97.672982,55,MPH
132,08-04-2024 11:24:21,30.726644,-97.673649,57,MPH
135,08-04-2024 11:24:24,30.727014,-97.674349,59,MPH
138,08-04-2024 11:24:27,30.727384,-97.675081,59,MPH
141,08-04-2024 11:24:30,30.727759,-97.675798,60,MPH
144,08-04-2024 11:24:33,30.728141,-97.676546,61,MPH
147,08-04-2024 11:24:36,30.728532,-97.677279,62,MPH
150,08-04-2024 11:24:39,30.728927,-97.678044,62,MPH
153,08-04-2024 11:24:42,30.729317,-97.678809,63,MPH
156,08-04-2024 11:24:45,30.729716,-97.679574,64,MPH
159,08-04-2024 11:24:48,30.730111,-97.680339,63,MPH
162,08-04-2024 11:24:51,30.730514,-97.681087,62,MPH
165,08-04-2024 11:24:54,30.730904,-97.681836,62,MPH
168,08-04-2024 11:24:57,30.731295,-97.682585,60,MPH
171,08-04-2024 11:25:00,30.731673,-97.683285,59,MPH
174,08-04-2024 11:25:03,30.732048,-97.684001,59,MPH
177,08-04-2024 11:25:06,30.732426,-97.684701,59,MPH
0,08-04-2024 11:25:09,30.732804,-97.6854,59,MPH
3,08-04-2024 11:25:12,30.733175,-97.686117,59,MPH
6,08-04-2024 11:25:15,30.733545,-97.686816,58,MPH
9,08-04-2024 11:25:18,30.733915,-97.687516,58,MPH
12,08-04-2024 11:25:21,30.73429,-97.688232,59,MPH
15,08-04-2024 11:25:24,30.734676,-97.688932,60,MPH
18,08-04-2024 11:25:27,30.735083,-97.689648,61,MPH
21,08-04-2024 11:25:30,30.735506,-97.690348,61,MPH
24,08-04-2024 11:25:33,30.735942,-97.691048,61,MPH
27,08-04-2024 11:25:36,30.736401,-97.691732,61,MPH
30,08-04-2024 11:25:39,30.736882,-97.692415,61,MPH
33,08-04-2024 11:25:42,30.737378,-97.693099,62,MPH
36,08-04-2024 11:25:45,30.737899,-97.693783,64,MPH
39,08-04-2024 11:25:48,30.738424,-97.694482,65,MPH
42,08-04-2024 11:25:51,30.73894,-97.695166,65,MPH
45,08-04-2024 11:25:54,30.739449,-97.695882,65,MPH
48,08-04-2024 11:25:57,30.739941,-97.696615,66,MPH
51,08-04-2024 11:26:00,30.740426,-97.697363,67,MPH
54,08-04-2024 11:26:03,30.740914,-97.698128,67,MPH
57,08-04-2024 11:26:06,30.741398,-97.698893,68,MPH
60,08-04-2024 11:26:09,30.741878,-97.699674,67,MPH
63,08-04-2024 11:26:12,30.74235,-97.700423,66,MPH
66,08-04-2024 11:26:15,30.742822,-97.701172,65,MPH
69,08-04-2024 11:26:17,30.743132,-97.70166,64,MPH
72,08-04-2024 11:26:21,30.743742,-97.702637,64,MPH
75,08-04-2024 11:26:23,30.744043,-97.703109,63,MPH
78,08-04-2024 11:26:26,30.744491,-97.703825,62,MPH
81,08-04-2024 11:26:29,30.744938,-97.704525,63,MPH
84,08-04-2024 11:26:32,30.745394,-97.705257,64,MPH
87,08-04-2024 11:26:35,30.745854,-97.70599,64,MPH
90,08-04-2024 11:26:38,30.746322,-97.706738,65,MPH
93,08-04-2024 11:26:41,30.746806,-97.707503,67,MPH
96,08-04-2024 11:26:44,30.74729,-97.708268,68,MPH
99,08-04-2024 11:26:47,30.747782,-97.709049,69,MPH
102,08-04-2024 11:26:50,30.748279,-97.709847,69,MPH
105,08-04-2024 11:26:53,30.748775,-97.710645,70,MPH
108,08-04-2024 11:26:56,30.749292,-97.711426,69,MPH
111,08-04-2024 11:26:59,30.749841,-97.712158,69,MPH
114,08-04-2024 11:27:02,30.750431,-97.712858,69,MPH
117,08-04-2024 11:27:05,30.751046,-97.713542,70,MPH
120,08-04-2024 11:27:08,30.75166,-97.714225,70,MPH
123,08-04-2024 11:27:11,30.752279,-97.714909,70,MPH
126,08-04-2024 11:27:14,30.752901,-97.715576,70,MPH
129,08-04-2024 11:27:17,30.753516,-97.71626,70,MPH
132,08-04-2024 11:27:20,30.75413,-97.716943,70,MPH
135,08-04-2024 11:27:23,30.754736,-97.71766,70,MPH
138,08-04-2024 11:27:26,30.75533,-97.718376,71,MPH
141,08-04-2024 11:27:29,30.755937,-97.719076,71,MPH
144,08-04-2024 11:27:32,30.756555,-97.719775,71,MPH
147,08-04-2024 11:27:35,30.757145,-97.720475,69,MPH
150,08-04-2024 11:27:38,30.757674,-97.72124,69,MPH
153,08-04-2024 11:27:41,30.758142,-97.72207,70,MPH
156,08-04-2024 11:27:44,30.758533,-97.722965,71,MPH
159,08-04-2024 11:27:47,30.75883,-97.723893,70,MPH
162,08-04-2024 11:27:50,30.759021,-97.724854,70,MPH
165,08-04-2024 11:27:53,30.759123,-97.725814,68,MPH
168,08-04-2024 11:27:56,30.759192,-97.726774,68,MPH
171,08-04-2024 11:27:59,30.759265,-97.727734,68,MPH
174,08-04-2024 11:28:02,30.759338,-97.728695,68,MPH
177,08-04-2024 11:28:05,30.759412,-97.729655,70,MPH
0,08-04-2024 11:28:08,30.759489,-97.730664,72,MPH
3,08-04-2024 11:28:11,30.75957,-97.731689,73,MPH
6,08-04-2024 11:28:14,30.759644,-97.732731,74,MPH
9,08-04-2024 11:28:17,30.759741,-97.733773,75,MPH
12,08-04-2024 11:28:20,30.759892,-97.734814,75,MPH
15,08-04-2024 11:28:23,30.760103,-97.735856,74,MPH
18,08-04-2024 11:28:26,30.760343,-97.736849,73,MPH
21,08-04-2024 11:28:29,30.760588,-97.737826,71,MPH
24,08-04-2024 11:28:32,30.760824,-97.738802,70,MPH
27,08-04-2024 11:28:35,30.761051,-97.739746,70,MPH
30,08-04-2024 11:28:38,30.761283,-97.74069,70,MPH
33,08-04-2024 11:28:41,30.761519,-97.74165,71,MPH
36,08-04-2024 11:28:44,30.761792,-97.742594,72,MPH
39,08-04-2024 11:28:47,30.762122,-97.743538,73,MPH
42,08-04-2024 11:28:50,30.762508,-97.744482,74,MPH
45,08-04-2024 11:28:53,30.762939,-97.745394,74,MPH
48,08-04-2024 11:28:56,30.763416,-97.746289,75,MPH
51,08-04-2024 11:28:59,30.763949,-97.747168,75,MPH
54,08-04-2024 11:29:03,30.764709,-97.748275,76,MPH
57,08-04-2024 11:29:06,30.765295,-97.749121,76,MPH
60,08-04-2024 11:29:09,30.765873,-97.749951,76,MPH
63,08-04-2024 11:29:12,30.766451,-97.750798,76,MPH
66,08-04-2024 11:29:15,30.767033,-97.751628,77,MPH
69,08-04-2024 11:29:18,30.767619,-97.75249,77,MPH
72,08-04-2024 11:29:21,30.768217,-97.753337,78,MPH
75,08-04-2024 11:29:24,30.768795,-97.754199,78,MPH
78,08-04-2024 11:29:27,30.769373,-97.755078,77,MPH
81,08-04-2024 11:29:30,30.769979,-97.755892,76,MPH
84,08-04-2024 11:29:33,30.770654,-97.756624,76,MPH
87,08-04-2024 11:29:36,30.771379,-97.757292,75,MPH
90,08-04-2024 11:29:39,30.772131,-97.757861,74,MPH
93,08-04-2024 11:29:42,30.772929,-97.75835,74,MPH
96,08-04-2024 11:29:45,30.773755,-97.758757,73,MPH
99,08-04-2024 11:29:48,30.774593,-97.759098,73,MPH
102,08-04-2024 11:29:51,30.775435,-97.75944,73,MPH
105,08-04-2024 11:29:54,30.77629,-97.759782,74,MPH
108,08-04-2024 11:29:57,30.777161,-97.760124,76,MPH
111,08-04-2024 11:30:00,30.77804,-97.760482,77,MPH
114,08-04-2024 11:30:03,30.778939,-97.760824,78,MPH
117,08-04-2024 11:30:06,30.779846,-97.761182,79,MPH
120,08-04-2024 11:30:09,30.780754,-97.761556,79,MPH
123,08-04-2024 11:30:12,30.781645,-97.761914,77,MPH
126,08-04-2024 11:30:15,30.782532,-97.762272,77,MPH
129,08-04-2024 11:30:18,30.783427,-97.762646,78,MPH
132,08-04-2024 11:30:21,30.784326,-97.763005,78,MPH
135,08-04-2024 11:30:24,30.785221,-97.763379,78,MPH
138,08-04-2024 11:30:27,30.786121,-97.763753,78,MPH
141,08-04-2024 11:30:30,30.787004,-97.764111,78,MPH
144,08-04-2024 11:30:33,30.787838,-97.764453,71,MPH
147,08-04-2024 11:30:36,30.788623,-97.764779,67,MPH
150,08-04-2024 11:30:39,30.789388,-97.765088,67,MPH
153,08-04-2024 11:30:42,30.790161,-97.765397,67,MPH
156,08-04-2024 11:30:45,30.790946,-97.765723,67,MPH
159,08-04-2024 11:30:48,30.791728,-97.766048,68,MPH
162,08-04-2024 11:30:51,30.792513,-97.766374,68,MPH
165,08-04-2024 11:30:54,30.793306,-97.76665,69,MPH
168,08-04-2024 11:30:57,30.79412,-97.766895,69,MPH
171,08-04-2024 11:31:00,30.79495,-97.767106,70,MPH
174,08-04-2024 11:31:03,30.795785,-97.767285,70,MPH
177,08-04-2024 11:31:06,30.796631,-97.767513,72,MPH
0,08-04-2024 11:31:09,30.797493,-97.767725,73,MPH
3,08-04-2024 11:31:12,30.798381,-97.767936,75,MPH
6,08-04-2024 11:31:15,30.799292,-97.768148,77,MPH
9,08-04-2024 11:31:18,30.800228,-97.768359,79,MPH
12,08-04-2024 11:31:21,30.80118,-97.768604,80,MPH
15,08-04-2024 11:31:24,30.802124,-97.768864,79,MPH
18,08-04-2024 11:31:27,30.803015,-97.769189,75,MPH
21,08-04-2024 11:31:30,30.803878,-97.769564,74,MPH
24,08-04-2024 11:31:33,30.804749,-97.769938,76,MPH
27,08-04-2024 11:31:36,30.805619,-97.770313,76,MPH
30,08-04-2024 11:31:39,30.80649,-97.770687,76,MPH
33,08-04-2024 11:31:42,30.807345,-97.771045,74,MPH
36,08-04-2024 11:31:45,30.808187,-97.771403,73,MPH
39,08-04-2024 11:31:48,30.809025,-97.771761,73,MPH
42,08-04-2024 11:31:51,30.809847,-97.772103,72,MPH
45,08-04-2024 11:31:54,30.810689,-97.772461,75,MPH
48,08-04-2024 11:31:57,30.811552,-97.772852,76,MPH
51,08-04-2024 11:32:00,30.812386,-97.773291,74,MPH
54,08-04-2024 11:32:03,30.813159,-97.773828,73,MPH
57,08-04-2024 11:32:06,30.813892,-97.774398,72,MPH
60,08-04-2024 11:32:09,30.814608,-97.774967,72,MPH
63,08-04-2024 11:32:12,30.815324,-97.775553,72,MPH
66,08-04-2024 11:32:15,30.81606,-97.776156,74,MPH
69,08-04-2024 11:32:18,30.816805,-97.776758,75,MPH
72,08-04-2024 11:32:21,30.817562,-97.77736,75,MPH
75,08-04-2024 11:32:24,30.818311,-97.777962,75,MPH
78,08-04-2024 11:32:27,30.819059,-97.778548,74,MPH
81,08-04-2024 11:32:30,30.8198,-97.77915,74,MPH
84,08-04-2024 11:32:33,30.820553,-97.779736,74,MPH
87,08-04-2024 11:32:36,30.821346,-97.780241,75,MPH
90,08-04-2024 11:32:39,30.82218,-97.780664,75,MPH
93,08-04-2024 11:32:42,30.823035,-97.78099,74,MPH
96,08-04-2024 11:32:45,30.823914,-97.781234,74,MPH
99,08-04-2024 11:32:48,30.824813,-97.781396,74,MPH
102,08-04-2024 11:32:51,30.82572,-97.781462,75,MPH
105,08-04-2024 11:32:54,30.826636,-97.781462,75,MPH
108,08-04-2024 11:32:57,30.827555,-97.781478,75,MPH
111,08-04-2024 11:33:00,30.828475,-97.781478,75,MPH
114,08-04-2024 11:33:03,30.829399,-97.781494,75,MPH
117,08-04-2024 11:33:06,30.83033,-97.78151,76,MPH
120,08-04-2024 11:33:09,30.831258,-97.781527,76,MPH
123,08-04-2024 11:33:12,30.832178,-97.781527,75,MPH
126,"08-04-2024 11:

",30.833093,-97.781543,75,MPH
129,"08-04-2024 11:

",30.833997,-97.781576,74,MPH
132,"08-04-2024 11:

",30.834884,-97.781657,74,MPH
135,08-04-2024 11:33:24,30.835742,-97.781787,71,MPH
138,08-04-2024 11:33:27,30.83658,-97.781982,70,MPH
141,08-04-2024 11:33:30,30.837402,-97.782227,70,MPH
144,08-04-2024 11:33:33,30.838212,-97.78252,70,MPH
147,08-04-2024 11:33:36,30.839014,-97.782861,70,MPH
150,08-04-2024 11:33:39,30.839795,-97.783252,70,MPH
153,08-04-2024 11:33:42,30.84056,-97.783691,70,MPH
156,08-04-2024 11:33:45,30.841317,-97.784163,70,MPH
159,08-04-2024 11:33:48,30.842069,-97.784619,70,MPH
162,08-04-2024 11:33:51,30.842822,-97.785075,70,MPH
165,08-04-2024 11:33:54,30.843575,-97.785547,70,MPH
168,08-04-2024 11:33:57,30.844344,-97.786019,71,MPH
171,08-04-2024 11:34:00,30.845121,-97.786491,73,MPH
174,08-04-2024 11:34:03,30.845915,-97.786963,74,MPH
177,08-04-2024 11:34:06,30.846708,-97.787451,74,MPH
0,08-04-2024 11:34:09,30.84751,-97.787956,74,MPH
3,08-04-2024 11:34:12,30.848307,-97.788428,73,MPH
6,08-04-2024 11:34:15,30.849093,-97.7889,71,MPH
9,08-04-2024 11:34:18,30.849858,-97.789339,70,MPH
12,08-04-2024 11:34:21,30.850602,-97.789795,69,MPH
15,08-04-2024 11:34:24,30.851331,-97.790234,66,MPH
18,08-04-2024 11:34:27,30.852022,-97.790625,62,MPH
21,08-04-2024 11:34:30,30.852698,-97.790951,58,MPH
24,08-04-2024 11:34:33,30.853357,-97.791195,55,MPH
27,08-04-2024 11:34:36,30.853975,-97.791423,52,MPH
30,08-04-2024 11:34:38,30.854358,-97.791585,49,MPH
33,08-04-2024 11:34:42,30.855033,-97.791911,42,MPH
36,08-04-2024 11:34:45,30.855465,-97.792171,36,MPH
39,08-04-2024 11:34:48,30.855762,-97.792334,22,MPH
42,08-04-2024 11:34:51,30.855896,-97.792415,4,MPH
45,08-04-2024 11:34:54,30.85592,-97.792448,4,MPH
48,08-04-2024 11:34:57,30.855957,-97.792611,19,MPH
51,08-04-2024 11:35:00,30.855876,-97.792904,24,MPH
54,08-04-2024 11:35:03,30.855762,-97.793278,27,MPH
57,08-04-2024 11:35:06,30.855652,-97.793604,20,MPH
60,08-04-2024 11:35:09,30.855591,-97.793799,7,MPH
63,08-04-2024 11:35:12,30.855579,-97.793831,0,MPH
66,08-04-2024 11:35:15,30.855538,-97.793962,15,MPH
69,08-04-2024 11:35:18,30.855457,-97.794238,25,MPH
72,08-04-2024 11:35:21,30.85533,-97.794629,32,MPH
75,08-04-2024 11:35:24,30.855188,-97.795085,35,MPH
78,08-04-2024 11:35:27,30.855037,-97.795605,39,MPH
81,08-04-2024 11:35:30,30.854871,-97.796159,42,MPH
84,08-04-2024 11:35:33,30.854692,-97.796745,44,MPH
87,08-04-2024 11:35:36,30.8545,-97.797347,46,MPH
90,08-04-2024 11:35:39,30.854317,-97.797965,46,MPH
93,08-04-2024 11:35:42,30.854134,-97.798584,45,MPH
96,08-04-2024 11:35:45,30.853955,-97.799154,42,MPH
99,08-04-2024 11:35:48,30.853796,-97.799674,37,MPH
102,08-04-2024 11:35:51,30.853666,-97.800114,28,MPH
105,08-04-2024 11:35:54,30.853581,-97.800407,17,MPH
108,08-04-2024 11:35:57,30.853548,-97.800537,2,MPH
111,08-04-2024 11:36:00,30.853548,-97.800537,0,MPH
114,08-04-2024 11:36:03,30.853524,-97.800635,14,MPH
117,08-04-2024 11:36:06,30.853455,-97.800895,24,MPH
120,08-04-2024 11:36:09,30.853341,-97.801302,33,MPH
123,08-04-2024 11:36:12,30.853202,-97.801823,41,MPH
126,08-04-2024 11:36:15,30.853023,-97.802409,46,MPH
129,08-04-2024 11:36:18,30.85284,-97.80306,49,MPH
132,08-04-2024 11:36:21,30.852633,-97.803743,52,MPH
135,08-04-2024 11:36:24,30.852405,-97.80446,55,MPH
138,08-04-2024 11:36:27,30.852181,-97.805192,55,MPH
141,08-04-2024 11:36:30,30.851965,-97.805908,53,MPH
144,08-04-2024 11:36:33,30.851742,-97.806624,53,MPH
147,08-04-2024 11:36:36,30.851526,-97.807324,52,MPH
150,08-04-2024 11:36:39,30.851314,-97.808008,50,MPH
153,08-04-2024 11:36:42,30.851123,-97.808675,50,MPH
156,08-04-2024 11:36:45,30.850997,-97.809359,49,MPH
159,08-04-2024 11:36:48,30.851005,-97.810059,50,MPH
162,08-04-2024 11:36:51,30.851135,-97.810758,50,MPH
165,08-04-2024 11:36:54,30.851335,-97.811458,51,MPH
168,08-04-2024 11:36:57,30.851526,-97.812158,52,MPH
171,08-04-2024 11:37:00,30.851713,-97.812858,52,MPH
174,08-04-2024 11:37:03,30.851872,-97.813558,52,MPH
177,08-04-2024 11:37:06,30.851953,-97.81429,53,MPH
0,08-04-2024 11:37:09,30.851953,-97.815039,54,MPH
3,08-04-2024 11:37:12,30.851945,-97.815804,54,MPH
6,08-04-2024 11:37:15,30.851929,-97.816569,54,MPH
9,08-04-2024 11:37:18,30.851912,-97.817334,54,MPH
12,08-04-2024 11:37:21,30.8519,-97.818115,55,MPH
15,08-04-2024 11:37:24,30.851888,-97.818896,56,MPH
18,08-04-2024 11:37:27,30.851876,-97.819661,54,MPH
21,08-04-2024 11:37:30,30.851864,-97.820443,57,MPH
24,08-04-2024 11:37:33,30.85186,-97.821273,58,MPH
27,08-04-2024 11:37:36,30.851851,-97.822087,58,MPH
30,08-04-2024 11:37:39,30.851855,-97.8229,57,MPH
33,08-04-2024 11:37:42,30.851851,-97.823714,57,MPH
36,08-04-2024 11:37:45,30.851778,-97.824528,57,MPH
39,08-04-2024 11:37:48,30.851636,-97.825326,57,MPH
42,08-04-2024 11:37:51,30.851501,-97.826107,56,MPH
45,08-04-2024 11:37:54,30.851457,-97.826888,56,MPH
48,08-04-2024 11:37:57,30.851522,-97.827686,57,MPH
51,08-04-2024 11:38:00,30.851607,-97.828499,59,MPH
54,08-04-2024 11:38:03,30.851685,-97.829346,59,MPH
57,08-04-2024 11:38:06,30.85175,-97.830176,59,MPH
60,08-04-2024 11:38:09,30.85179,-97.83099,58,MPH
63,08-04-2024 11:38:12,30.851709,-97.831803,58,MPH
66,08-04-2024 11:38:15,30.851506,-97.832585,57,MPH
69,08-04-2024 11:38:18,30.851257,-97.833382,60,MPH
72,08-04-2024 11:38:21,30.851005,-97.834196,62,MPH
75,08-04-2024 11:38:24,30.850753,-97.835026,63,MPH
78,08-04-2024 11:38:27,30.850492,-97.835856,62,MPH
81,08-04-2024 11:38:30,30.850232,-97.836686,62,MPH
84,08-04-2024 11:38:33,30.849976,-97.8375,61,MPH
87,08-04-2024 11:38:36,30.849723,-97.838314,62,MPH
90,08-04-2024 11:38:39,30.849475,-97.839144,62,MPH
93,08-04-2024 11:38:42,30.849219,-97.839974,62,MPH
96,08-04-2024 11:38:45,30.848966,-97.840788,61,MPH
99,08-04-2024 11:38:48,30.84871,-97.841618,61,MPH
102,08-04-2024 11:38:51,30.84847,-97.842415,60,MPH
105,08-04-2024 11:38:54,30.848226,-97.843213,60,MPH
108,08-04-2024 11:38:57,30.847986,-97.84401,61,MPH
111,08-04-2024 11:39:00,30.847734,-97.844824,62,MPH
114,08-04-2024 11:39:03,30.847473,-97.845654,62,MPH
117,08-04-2024 11:39:06,30.847225,-97.846484,62,MPH
120,08-04-2024 11:39:09,30.846965,-97.847298,62,MPH
123,08-04-2024 11:39:12,30.846716,-97.848128,62,MPH
126,08-04-2024 11:39:15,30.846464,-97.848926,61,MPH
129,08-04-2024 11:39:18,30.846216,-97.84974,60,MPH
132,08-04-2024 11:39:21,30.845972,-97.850537,60,MPH
135,08-04-2024 11:39:24,30.845728,-97.851318,59,MPH
138,08-04-2024 11:39:27,30.845483,-97.852116,61,MPH
141,08-04-2024 11:39:30,30.845223,-97.852946,62,MPH
144,08-04-2024 11:39:33,30.844971,-97.853776,63,MPH
147,08-04-2024 11:39:36,30.84471,-97.854622,64,MPH
150,08-04-2024 11:39:39,30.844446,-97.855469,63,MPH
153,08-04-2024 11:39:42,30.844189,-97.856299,63,MPH
156,08-04-2024 11:39:45,30.843933,-97.857129,61,MPH
159,08-04-2024 11:39:48,30.843685,-97.857943,60,MPH
162,08-04-2024 11:39:51,30.843437,-97.858724,59,MPH
165,08-04-2024 11:39:54,30.843201,-97.859505,59,MPH
168,08-04-2024 11:39:57,30.842952,-97.860303,59,MPH
171,08-04-2024 11:40:00,30.842708,-97.861084,58,MPH
174,08-04-2024 11:40:03,30.842476,-97.861849,58,MPH
177,08-04-2024 11:40:06,30.84224,-97.862614,58,MPH
0,08-04-2024 11:40:09,30.842013,-97.863363,54,MPH
3,08-04-2024 11:40:12,30.841797,-97.864046,50,MPH
6,08-04-2024 11:40:15,30.841593,-97.864697,46,MPH
9,08-04-2024 11:40:18,30.841427,-97.865299,46,MPH
12,08-04-2024 11:40:21,30.841341,-97.865951,47,MPH
15,08-04-2024 11:40:24,30.841361,-97.866634,49,MPH
18,08-04-2024 11:40:27,30.841508,-97.867318,51,MPH
21,08-04-2024 11:40:30,30.84176,-97.868018,54,MPH
24,08-04-2024 11:40:33,30.842029,-97.868734,57,MPH
27,08-04-2024 11:40:36,30.842306,-97.869499,59,MPH
30,08-04-2024 11:40:39,30.842594,-97.87028,61,MPH
33,08-04-2024 11:40:42,30.842891,-97.871094,62,MPH
36,08-04-2024 11:40:45,30.843184,-97.871908,63,MPH
39,08-04-2024 11:40:48,30.843477,-97.872738,63,MPH
42,08-04-2024 11:40:51,30.843762,-97.873535,61,MPH
45,08-04-2024 11:40:54,30.844043,-97.874333,61,MPH
48,08-04-2024 11:40:57,30.844332,-97.875114,60,MPH
51,08-04-2024 11:41:00,30.844613,-97.875895,58,MPH
54,08-04-2024 11:41:03,30.844861,-97.876628,56,MPH
57,08-04-2024 11:41:06,30.844975,-97.877409,56,MPH
60,08-04-2024 11:41:09,30.844934,-97.878174,55,MPH
63,08-04-2024 11:41:12,30.844739,-97.878923,56,MPH
66,08-04-2024 11:41:15,30.844482,-97.879671,56,MPH
69,08-04-2024 11:41:18,30.844226,-97.88042,57,MPH
72,08-04-2024 11:41:21,30.843966,-97.881185,58,MPH
75,08-04-2024 11:41:24,30.843705,-97.88195,58,MPH
78,08-04-2024 11:41:27,30.843441,-97.882747,60,MPH
81,08-04-2024 11:41:30,30.843172,-97.883545,60,MPH
84,08-04-2024 11:41:33,30.842908,-97.884342,60,MPH
87,08-04-2024 11:41:36,30.842643,-97.88514,60,MPH
90,08-04-2024 11:41:39,30.842379,-97.885921,60,MPH
93,08-04-2024 11:41:42,30.842106,-97.886719,60,MPH
96,08-04-2024 11:41:45,30.841842,-97.887516,61,MPH
99,08-04-2024 11:41:48,30.841573,-97.88833,61,MPH
102,08-04-2024 11:41:51,30.841288,-97.889128,61,MPH
105,08-04-2024 11:41:54,30.840967,-97.889909,61,MPH
108,08-04-2024 11:41:57,30.840637,-97.890658,60,MPH
111,08-04-2024 11:42:00,30.840312,-97.891423,60,MPH
114,08-04-2024 11:42:03,30.839994,-97.892188,60,MPH
117,08-04-2024 11:42:06,30.839673,-97.892936,59,MPH
120,08-04-2024 11:42:09,30.83936,-97.893669,58,MPH
123,08-04-2024 11:42:12,30.839071,-97.894352,53,MPH
126,08-04-2024 11:42:15,30.838798,-97.89502,50,MPH
129,08-04-2024 11:42:18,30.838534,-97.895638,49,MPH
132,08-04-2024 11:42:21,30.838277,-97.89624,46,MPH
135,08-04-2024 11:42:24,30.838041,-97.896794,41,MPH
138,08-04-2024 11:42:27,30.83783,-97.897298,39,MPH
141,08-04-2024 11:42:30,30.83763,-97.89777,34,MPH
144,08-04-2024 11:42:33,30.83748,-97.898112,22,MPH
147,08-04-2024 11:42:36,30.837374,-97.89834,17,MPH
150,08-04-2024 11:42:39,30.837317,-97.898503,9,MPH
153,08-04-2024 11:42:42,30.83728,-97.898584,6,MPH
156,08-04-2024 11:42:45,30.83726,-97.898633,4,MPH
159,08-04-2024 11:42:48,30.837244,-97.898682,3,MPH
162,08-04-2024 11:42:51,30.837223,-97.898714,3,MPH
165,08-04-2024 11:42:54,30.837207,-97.898747,3,MPH
168,08-04-2024 11:42:57,30.837187,-97.898796,4,MPH
171,08-04-2024 11:43:00,30.83717,-97.898844,4,MPH
174,08-04-2024 11:43:03,30.837146,-97.898893,4,MPH
177,08-04-2024 11:43:06,30.837122,-97.898942,4,MPH
0,08-04-2024 11:43:09,30.837093,-97.899007,5,MPH
3,08-04-2024 11:43:12,30.837065,-97.899072,5,MPH
6,08-04-2024 11:43:15,30.837032,-97.899154,5,MPH
9,08-04-2024 11:43:18,30.837004,-97.899235,6,MPH
12,08-04-2024 11:43:21,30.836971,-97.8993,5,MPH
15,08-04-2024 11:43:24,30.836943,-97.899365,5,MPH
18,08-04-2024 11:43:27,30.836918,-97.89943,5,MPH
21,08-04-2024 11:43:30,30.83689,-97.899495,4,MPH
24,08-04-2024 11:43:33,30.836861,-97.899561,4,MPH
27,08-04-2024 11:43:36,30.836833,-97.899626,4,MPH
30,08-04-2024 11:43:39,30.836816,-97.899658,0,MPH
33,08-04-2024 11:43:42,30.836816,-97.899658,0,MPH
36,08-04-2024 11:43:45,30.836808,-97.899674,0,MPH
39,08-04-2024 11:43:48,30.836792,-97.899723,0,MPH
42,08-04-2024 11:43:51,30.836772,-97.899772,4,MPH
45,08-04-2024 11:43:54,30.836751,-97.899837,4,MPH
48,08-04-2024 11:43:57,30.836731,-97.899886,4,MPH
51,08-04-2024 11:44:00,30.836707,-97.899951,4,MPH
54,08-04-2024 11:44:03,30.836682,-97.900016,4,MPH
57,08-04-2024 11:44:06,30.836662,-97.900065,4,MPH
60,08-04-2024 11:44:09,30.836633,-97.90013,5,MPH
63,08-04-2024 11:44:12,30.836609,-97.900212,5,MPH
66,08-04-2024 11:44:15,30.836572,-97.900293,7,MPH
69,08-04-2024 11:44:18,30.836536,-97.900391,7,MPH
72,08-04-2024 11:44:21,30.836495,-97.900488,7,MPH
75,08-04-2024 11:44:24,30.836462,-97.90057,6,MPH
78,08-04-2024 11:44:27,30.83643,-97.900651,7,MPH
81,08-04-2024 11:44:30,30.836393,-97.900732,5,MPH
84,08-04-2024 11:44:33,30.836373,-97.900798,2,MPH
87,08-04-2024 11:44:36,30.836365,-97.900814,2,MPH
90,08-04-2024 11:44:39,30.836353,-97.900846,2,MPH
93,08-04-2024 11:44:42,30.836348,-97.900863,0,MPH
96,08-04-2024 11:44:45,30.836348,-97.900863,0,MPH
99,08-04-2024 11:44:48,30.83634,-97.900879,0,MPH
102,08-04-2024 11:44:51,30.836332,-97.900911,2,MPH
105,08-04-2024 11:44:54,30.83632,-97.900944,2,MPH
108,08-04-2024 11:44:57,30.836312,-97.900944,0,MPH
111,08-04-2024 11:45:00,30.836312,-97.900944,0,MPH
114,08-04-2024 11:45:03,30.836312,-97.900944,0,MPH
117,08-04-2024 11:45:06,30.836308,-97.90096,1,MPH
120,08-04-2024 11:45:09,30.836296,-97.900993,2,MPH
123,08-04-2024 11:45:12,30.836283,-97.901025,1,MPH
126,08-04-2024 11:45:15,30.836275,-97.901042,1,MPH
129,08-04-2024 11:45:18,30.836259,-97.90109,3,MPH
132,08-04-2024 11:45:21,30.836243,-97.901123,3,MPH
135,08-04-2024 11:45:24,30.836222,-97.901172,3,MPH
138,08-04-2024 11:45:27,30.836206,-97.901221,3,MPH
141,08-04-2024 11:45:30,30.836186,-97.901253,3,MPH
144,08-04-2024 11:45:33,30.836161,-97.901302,6,MPH
147,08-04-2024 11:45:36,30.836117,-97.901416,8,MPH
150,08-04-2024 11:45:39,30.836072,-97.901514,6,MPH
153,08-04-2024 11:45:42,30.836056,-97.901546,0,MPH
156,08-04-2024 11:45:45,30.836051,-97.901546,0,MPH
159,08-04-2024 11:45:48,30.836051,-97.901546,0,MPH
162,08-04-2024 11:45:51,30.836051,-97.901546,0,MPH
165,08-04-2024 11:45:54,30.836051,-97.901562,0,MPH
168,08-04-2024 11:45:57,30.836043,-97.901579,3,MPH
171,08-04-2024 11:46:00,30.836015,-97.901644,4,MPH
174,08-04-2024 11:46:03,30.836007,-97.90166,0,MPH
177,08-04-2024 11:46:06,30.836007,-97.90166,0,MPH
0,08-04-2024 11:46:09,30.836007,-97.90166,0,MPH
3,08-04-2024 11:46:12,30.836007,-97.90166,0,MPH
6,08-04-2024 11:46:15,30.836011,-97.90166,0,MPH
9,08-04-2024 11:46:18,30.836011,-97.90166,0,MPH
12,08-04-2024 11:46:21,30.836011,-97.90166,0,MPH
15,08-04-2024 11:46:24,30.836011,-97.90166,0,MPH
18,08-04-2024 11:46:27,30.836011,-97.90166,2,MPH
21,08-04-2024 11:46:30,30.835986,-97.901725,5,MPH
24,08-04-2024 11:46:33,30.835978,-97.901774,0,MPH
27,08-04-2024 11:46:36,30.835978,-97.901774,0,MPH
30,08-04-2024 11:46:39,30.835974,-97.901807,7,MPH
33,08-04-2024 11:46:42,30.835986,-97.901888,3,MPH
36,08-04-2024 11:46:45,30.835994,-97.901904,0,MPH
39,08-04-2024 11:46:48,30.835994,-97.901904,0,MPH
42,08-04-2024 11:46:51,30.835994,-97.901904,0,MPH
45,08-04-2024 11:46:54,30.836076,-97.901969,3,MPH
48,08-04-2024 11:46:57,30.836422,-97.902132,3,MPH
51,08-04-2024 11:47:00,30.836837,-97.902311,3,MPH
54,08-04-2024 11:47:03,30.837317,-97.90249,0,MPH
57,08-04-2024 11:47:06,30.837895,-97.902734,0,MPH
60,08-04-2024 11:47:09,30.838501,-97.902995,3,MPH
63,08-04-2024 11:47:12,30.839152,-97.903271,3,MPH
66,08-04-2024 11:47:15,30.839783,-97.903532,0,MPH
69,08-04-2024 11:47:18,30.840479,-97.903841,0,MPH
72,08-04-2024 11:47:21,30.841162,-97.904118,3,MPH
75,08-04-2024 11:47:24,30.84185,-97.904395,3,MPH
78,08-04-2024 11:47:27,30.842537,-97.904622,0,MPH
81,08-04-2024 11:47:30,30.84329,-97.90485,0,MPH
84,08-04-2024 11:47:33,30.844027,-97.905046,63,MPH
87,08-04-2024 11:47:36,30.844771,-97.905273,62,MPH
90,08-04-2024 11:47:39,30.845524,-97.905485,63,MPH
93,08-04-2024 11:47:42,30.846289,-97.905697,65,MPH
96,08-04-2024 11:47:45,30.847058,-97.905957,66,MPH
99,08-04-2024 11:47:48,30.847819,-97.906266,66,MPH
102,08-04-2024 11:47:51,30.84858,-97.906592,67,MPH
105,08-04-2024 11:47:54,30.849349,-97.906917,67,MPH
108,08-04-2024 11:47:57,30.850126,-97.907243,68,MPH
111,08-04-2024 11:48:00,30.850903,-97.907568,67,MPH
114,08-04-2024 11:48:03,30.851668,-97.907894,66,MPH
117,08-04-2024 11:48:06,30.852429,-97.908219,67,MPH
120,08-04-2024 11:48:09,30.853198,-97.908529,67,MPH
123,08-04-2024 11:48:12,30.853971,-97.908854,68,MPH
126,08-04-2024 11:48:15,30.854749,-97.909196,68,MPH
129,08-04-2024 11:48:18,30.85553,-97.909505,69,MPH
132,08-04-2024 11:48:21,30.856323,-97.909847,70,MPH
135,08-04-2024 11:48:24,30.857125,-97.910189,70,MPH
138,08-04-2024 11:48:27,30.857939,-97.910514,70,MPH
141,08-04-2024 11:48:30,30.85874,-97.910856,70,MPH
144,08-04-2024 11:48:33,30.859534,-97.911198,70,MPH
147,08-04-2024 11:48:36,30.860315,-97.911523,68,MPH
150,08-04-2024 11:48:39,30.861088,-97.911849,68,MPH
153,08-04-2024 11:48:42,30.861853,-97.912174,67,MPH
156,08-04-2024 11:48:45,30.862614,-97.9125,67,MPH
159,08-04-2024 11:48:48,30.863371,-97.912842,67,MPH
162,08-04-2024 11:48:51,30.864124,-97.913184,66,MPH
165,08-04-2024 11:48:54,30.864876,-97.913509,66,MPH
168,08-04-2024 11:48:57,30.865621,-97.913835,66,MPH
171,08-04-2024 11:49:00,30.866357,-97.91416,64,MPH
174,08-04-2024 11:49:03,30.86709,-97.914469,64,MPH
177,08-04-2024 11:49:06,30.867822,-97.914811,65,MPH
0,08-04-2024 11:49:09,30.868575,-97.915137,66,MPH
3,08-04-2024 11:49:12,30.869336,-97.915462,66,MPH
6,08-04-2024 11:49:15,30.870101,-97.915755,66,MPH
9,08-04-2024 11:49:18,30.870862,-97.916064,66,MPH
12,08-04-2024 11:49:21,30.871615,-97.916357,65,MPH
15,08-04-2024 11:49:24,30.872363,-97.916667,65,MPH
18,08-04-2024 11:49:27,30.87312,-97.91696,66,MPH
21,08-04-2024 11:49:30,30.873881,-97.917269,66,MPH
24,08-04-2024 11:49:33,30.874626,-97.917562,66,MPH
27,08-04-2024 11:49:36,30.87537,-97.917871,65,MPH
30,08-04-2024 11:49:39,30.876119,-97.918164,66,MPH
33,08-04-2024 11:49:42,30.876872,-97.91849,65,MPH
36,08-04-2024 11:49:45,30.877604,-97.918783,63,MPH
39,08-04-2024 11:49:48,30.878308,-97.919092,61,MPH
42,08-04-2024 11:49:51,30.879004,-97.919385,61,MPH
45,08-04-2024 11:49:54,30.879687,-97.919694,59,MPH
48,08-04-2024 11:49:57,30.880359,-97.919971,59,MPH
51,08-04-2024 11:50:00,30.881026,-97.920247,58,MPH
54,08-04-2024 11:50:03,30.881681,-97.92054,57,MPH
57,08-04-2024 11:50:06,30.88232,-97.920801,54,MPH
60,08-04-2024 11:50:09,30.882918,-97.921094,52,MPH
63,08-04-2024 11:50:12,30.883468,-97.921436,50,MPH
66,08-04-2024 11:50:15,30.883952,-97.921859,49,MPH
69,08-04-2024 11:50:18,30.884395,-97.922331,49,MPH
72,08-04-2024 11:50:21,30.884798,-97.922868,51,MPH
75,08-04-2024 11:50:24,30.885148,-97.923454,51,MPH
78,08-04-2024 11:50:27,30.885441,-97.923991,43,MPH
81,08-04-2024 11:50:30,30.885714,-97.924479,40,MPH
84,08-04-2024 11:50:33,30.885946,-97.924902,32,MPH
87,08-04-2024 11:50:36,30.886141,-97.92526,29,MPH
90,08-04-2024 11:50:39,30.886324,-97.925602,28,MPH
93,08-04-2024 11:50:42,30.886519,-97.92596,31,MPH
96,08-04-2024 11:50:45,30.886739,-97.926351,34,MPH
99,08-04-2024 11:50:48,30.886979,-97.926774,37,MPH
102,08-04-2024 11:50:51,30.887227,-97.92723,39,MPH
105,08-04-2024 11:50:54,30.8875,-97.927718,42,MPH
108,08-04-2024 11:50:57,30.887785,-97.928223,44,MPH
111,08-04-2024 11:51:00,30.888074,-97.92876,44,MPH
114,08-04-2024 11:51:03,30.88835,-97.929297,44,MPH
117,08-04-2024 11:51:06,30.888611,-97.92985,44,MPH
120,08-04-2024 11:51:09,30.888859,-97.93042,46,MPH
123,08-04-2024 11:51:12,30.889111,-97.931006,46,MPH
126,08-04-2024 11:51:15,30.889368,-97.931608,48,MPH
129,08-04-2024 11:51:18,30.889604,-97.932243,49,MPH
132,08-04-2024 11:51:21,30.889795,-97.93291,50,MPH
135,08-04-2024 11:51:24,30.889917,-97.93361,51,MPH
138,08-04-2024 11:51:27,30.889974,-97.934342,51,MPH
141,08-04-2024 11:51:30,30.88999,-97.935059,51,MPH
144,08-04-2024 11:51:33,30.889978,-97.935791,51,MPH
147,08-04-2024 11:51:36,30.889974,-97.936523,52,MPH
150,08-04-2024 11:51:39,30.889978,-97.937272,53,MPH
153,08-04-2024 11:51:42,30.889986,-97.938037,54,MPH
156,08-04-2024 11:51:45,30.889986,-97.938802,55,MPH
159,08-04-2024 11:51:48,30.889986,-97.9396,56,MPH
162,08-04-2024 11:51:51,30.889994,-97.940397,56,MPH
165,08-04-2024 11:51:54,30.890011,-97.941211,57,MPH
168,08-04-2024 11:51:57,30.890027,-97.942025,58,MPH
171,08-04-2024 11:52:00,30.890051,-97.942855,59,MPH
174,08-04-2024 11:52:03,30.890072,-97.943701,60,MPH
177,08-04-2024 11:52:06,30.890092,-97.944564,61,MPH
0,08-04-2024 11:52:09,30.890116,-97.945443,62,MPH
3,08-04-2024 11:52:12,30.890137,-97.946322,62,MPH
6,08-04-2024 11:52:15,30.890153,-97.947201,62,MPH
9,08-04-2024 11:52:18,30.890169,-97.948079,62,MPH
12,08-04-2024 11:52:21,30.890194,-97.948975,63,MPH
15,08-04-2024 11:52:24,30.890214,-97.94987,63,MPH
18,08-04-2024 11:52:27,30.890238,-97.950781,65,MPH
21,08-04-2024 11:52:30,30.890279,-97.951693,65,MPH
24,08-04-2024 11:52:33,30.890393,-97.952588,65,MPH
27,08-04-2024 11:52:36,30.890572,-97.953483,65,MPH
30,08-04-2024 11:52:39,30.890857,-97.954362,65,MPH
33,08-04-2024 11:52:42,30.891182,-97.955192,65,MPH
36,08-04-2024 11:52:45,30.891516,-97.956022,65,MPH
39,08-04-2024 11:52:48,30.891846,-97.956852,64,MPH
42,08-04-2024 11:52:51,30.892175,-97.957666,63,MPH
45,08-04-2024 11:52:54,30.892513,-97.958464,63,MPH
48,08-04-2024 11:52:57,30.892904,-97.959229,63,MPH
51,08-04-2024 11:53:00,30.893359,-97.959945,63,MPH
54,08-04-2024 11:53:03,30.893872,-97.960596,63,MPH
57,08-04-2024 11:53:06,30.894442,-97.961214,64,MPH
60,08-04-2024 11:53:09,30.895056,-97.961784,65,MPH
63,08-04-2024 11:53:12,30.895679,-97.962386,65,MPH
66,08-04-2024 11:53:15,30.896305,-97.962988,66,MPH
69,08-04-2024 11:53:18,30.896944,-97.96359,68,MPH
72,08-04-2024 11:53:21,30.897583,-97.964176,67,MPH
75,08-04-2024 11:53:24,30.898222,-97.964779,68,MPH
78,08-04-2024 11:53:27,30.898861,-97.965381,68,MPH
81,08-04-2024 11:53:30,30.899504,-97.965983,68,MPH
84,08-04-2024 11:53:33,30.900151,-97.966585,68,MPH
87,08-04-2024 11:53:36,30.900793,-97.967171,67,MPH
90,08-04-2024 11:53:39,30.901428,-97.967773,68,MPH
93,08-04-2024 11:53:42,30.902071,-97.968392,69,MPH
96,08-04-2024 11:53:45,30.902718,-97.968994,69,MPH
99,08-04-2024 11:53:48,30.903373,-97.969564,66,MPH
102,08-04-2024 11:53:51,30.904041,-97.970085,66,MPH
105,08-04-2024 11:53:54,30.904736,-97.970589,66,MPH
108,08-04-2024 11:53:57,30.905448,-97.971045,66,MPH
111,08-04-2024 11:54:00,30.906169,-97.971484,67,MPH
114,08-04-2024 11:54:03,30.906901,-97.971908,67,MPH
117,08-04-2024 11:54:06,30.907633,-97.972363,67,MPH
120,08-04-2024 11:54:09,30.908354,-97.972803,66,MPH
123,08-04-2024 11:54:12,30.90907,-97.973242,66,MPH
126,08-04-2024 11:54:15,30.90979,-97.973682,67,MPH
129,08-04-2024 11:54:18,30.910514,-97.974121,68,MPH
132,08-04-2024 11:54:21,30.911243,-97.974561,67,MPH
135,08-04-2024 11:54:24,30.911955,-97.975016,66,MPH
138,08-04-2024 11:54:27,30.912626,-97.975537,66,MPH
141,08-04-2024 11:54:30,30.913265,-97.976123,66,MPH
144,08-04-2024 11:54:33,30.913883,-97.976693,65,MPH
147,08-04-2024 11:54:36,30.914494,-97.977246,64,MPH
150,08-04-2024 11:54:39,30.915104,-97.977832,64,MPH
153,08-04-2024 11:54:42,30.915727,-97.978418,65,MPH
156,08-04-2024 11:54:45,30.916353,-97.978988,65,MPH
159,08-04-2024 11:54:48,30.916972,-97.979557,65,MPH
162,08-04-2024 11:54:51,30.917586,-97.980127,65,MPH
165,08-04-2024 11:54:54,30.918209,-97.980713,65,MPH
168,08-04-2024 11:54:57,30.918819,-97.981283,65,MPH
171,08-04-2024 11:55:00,30.919434,-97.981836,64,MPH
174,08-04-2024 11:55:03,30.920036,-97.982389,62,MPH
177,08-04-2024 11:55:06,30.920626,-97.982926,61,MPH
0,08-04-2024 11:55:09,30.921204,-97.983464,60,MPH
3,08-04-2024 11:55:12,30.921757,-97.983984,58,MPH
6,08-04-2024 11:55:15,30.922319,-97.984505,58,MPH
9,08-04-2024 11:55:18,30.922904,-97.985042,63,MPH
12,08-04-2024 11:55:21,30.923507,-97.985596,63,MPH
15,08-04-2024 11:55:24,30.924109,-97.986149,63,MPH
18,08-04-2024 11:55:27,30.924711,-97.986719,63,MPH
21,08-04-2024 11:55:30,30.925285,-97.987256,58,MPH
24,08-04-2024 11:55:33,30.925802,-97.987809,57,MPH
27,08-04-2024 11:55:36,30.926237,-97.988444,55,MPH
30,08-04-2024 11:55:39,30.926562,-97.989111,53,MPH
33,08-04-2024 11:55:42,30.926778,-97.989876,55,MPH
36,08-04-2024 11:55:45,30.926908,-97.990674,56,MPH
39,08-04-2024 11:55:48,30.927006,-97.991488,59,MPH
42,08-04-2024 11:55:51,30.927108,-97.992334,60,MPH
45,08-04-2024 11:55:54,30.927209,-97.99318,61,MPH
48,08-04-2024 11:55:57,30.927319,-97.994043,62,MPH
51,08-04-2024 11:56:00,30.927429,-97.994906,61,MPH
54,08-04-2024 11:56:03,30.927535,-97.995768,62,MPH
57,08-04-2024 11:56:06,30.927645,-97.996615,61,MPH
60,08-04-2024 11:56:09,30.927747,-97.997445,59,MPH
63,08-04-2024 11:56:12,30.927852,-97.998258,58,MPH
66,08-04-2024 11:56:15,30.927958,-97.999056,58,MPH
69,08-04-2024 11:56:18,30.928052,-97.99987,58,MPH
72,08-04-2024 11:56:21,30.928174,-98.000667,58,MPH
75,08-04-2024 11:56:24,30.92832,-98.001481,58,MPH
78,08-04-2024 11:56:27,30.928495,-98.002295,58,MPH
81,08-04-2024 11:56:30,30.928703,-98.003076,58,MPH
84,08-04-2024 11:56:33,30.928923,-98.003825,57,MPH
87,08-04-2024 11:56:36,30.929187,-98.004574,57,MPH
90,08-04-2024 11:56:39,30.9295,-98.005306,58,MPH
93,08-04-2024 11:56:42,30.929879,-98.006022,60,MPH
96,08-04-2024 11:56:45,30.930273,-98.006738,60,MPH
99,08-04-2024 11:56:48,30.930672,-98.007454,60,MPH
102,08-04-2024 11:56:51,30.931067,-98.008154,59,MPH
105,08-04-2024 11:56:54,30.931453,-98.008854,58,MPH
108,08-04-2024 11:56:57,30.93184,-98.009538,57,MPH
111,08-04-2024 11:57:00,30.93221,-98.010238,57,MPH
114,08-04-2024 11:57:03,30.932589,-98.010937,59,MPH
117,08-04-2024 11:57:06,30.932979,-98.011654,60,MPH
120,08-04-2024 11:57:09,30.93337,-98.01237,60,MPH
123,08-04-2024 11:57:12,30.933757,-98.013086,59,MPH
126,08-04-2024 11:57:15,30.934119,-98.013818,59,MPH
129,08-04-2024 11:57:18,30.934448,-98.014551,58,MPH
132,08-04-2024 11:57:21,30.934749,-98.015299,58,MPH
135,08-04-2024 11:57:24,30.935042,-98.016064,58,MPH
138,08-04-2024 11:57:27,30.935339,-98.016829,60,MPH
141,08-04-2024 11:57:30,30.935645,-98.017611,62,MPH
144,08-04-2024 11:57:33,30.935958,-98.018392,61,MPH
147,08-04-2024 11:57:36,30.936279,-98.019157,60,MPH
150,08-04-2024 11:57:39,30.936641,-98.019873,59,MPH
153,08-04-2024 11:57:42,30.937069,-98.020573,61,MPH
156,08-04-2024 11:57:45,30.937565,-98.02124,64,MPH
159,08-04-2024 11:57:48,30.93809,-98.021924,64,MPH
162,08-04-2024 11:57:51,30.938611,-98.022591,64,MPH
165,08-04-2024 11:57:54,30.939124,-98.023275,63,MPH
168,08-04-2024 11:57:57,30.939636,-98.023926,62,MPH
171,08-04-2024 11:58:00,30.940177,-98.024512,61,MPH
174,08-04-2024 11:58:03,30.940759,-98.025049,61,MPH
177,08-04-2024 11:58:06,30.941386,-98.025521,61,MPH
0,08-04-2024 11:58:09,30.942049,-98.025911,61,MPH
3,08-04-2024 11:58:12,30.942737,-98.026302,63,MPH
6,08-04-2024 11:58:15,30.943429,-98.026676,63,MPH
9,08-04-2024 11:58:18,30.944128,-98.027067,63,MPH
12,08-04-2024 11:58:21,30.944836,-98.027441,65,MPH
15,08-04-2024 11:58:24,30.945561,-98.027848,66,MPH
18,08-04-2024 11:58:27,30.946281,-98.028239,65,MPH
21,08-04-2024 11:58:30,30.946977,-98.02863,63,MPH
24,08-04-2024 11:58:33,30.947656,-98.02902,61,MPH
27,08-04-2024 11:58:36,30.948324,-98.029395,61,MPH
30,08-04-2024 11:58:39,30.948979,-98.029785,60,MPH
33,08-04-2024 11:58:42,30.949593,-98.030257,60,MPH
36,08-04-2024 11:58:45,30.950146,-98.030811,60,MPH
39,08-04-2024 11:58:48,30.950627,-98.031462,59,MPH
42,08-04-2024 11:58:51,30.951021,-98.032178,60,MPH
45,08-04-2024 11:58:54,30.951392,-98.032926,61,MPH
48,08-04-2024 11:58:57,30.951758,-98.033675,61,MPH
51,08-04-2024 11:59:00,30.952124,-98.034424,61,MPH
54,08-04-2024 11:59:03,0.0,0.0,61,MPH
57,08-04-2024 11:59:06,30.952938,-98.035856,60,MPH
60,08-04-2024 11:59:09,30.953418,-98.036523,62,MPH
63,08-04-2024 11:59:12,30.953947,-98.037158,63,MPH
66,08-04-2024 11:59:15,30.954492,-98.037777,64,MPH
69,08-04-2024 11:59:18,30.955042,-98.038428,64,MPH
72,08-04-2024 11:59:21,30.955591,-98.039046,63,MPH
75,08-04-2024 11:59:24,30.95614,-98.039681,63,MPH
78,08-04-2024 11:59:27,30.956681,-98.040316,63,MPH
81,08-04-2024 11:59:30,30.957227,-98.040934,62,MPH
84,08-04-2024 11:59:33,30.95776,-98.041569,62,MPH
87,08-04-2024 11:59:36,30.958285,-98.042187,61,MPH
90,08-04-2024 11:59:39,30.958785,-98.042822,61,MPH
93,08-04-2024 11:59:42,30.959281,-98.04349,62,MPH
96,08-04-2024 11:59:45,30.959782,-98.044157,63,MPH
99,08-04-2024 11:59:48,30.96027,-98.04484,61,MPH
102,08-04-2024 11:59:51,30.960763,-98.045492,61,MPH
105,08-04-2024 11:59:54,30.961259,-98.046159,63,MPH
108,08-04-2024 11:59:57,30.961764,-98.046842,63,MPH
111,08-04-2024 12:00:00,30.962256,-98.047493,63,MPH
114,08-04-2024 12:00:03,30.96272,-98.048177,61,MPH
117,08-04-2024 12:00:06,30.963143,-98.048893,61,MPH
120,08-04-2024 12:00:09,30.963509,-98.049642,61,MPH
123,08-04-2024 12:00:12,30.963847,-98.050391,60,MPH
126,08-04-2024 12:00:15,30.964172,-98.051156,60,MPH
129,08-04-2024 12:00:18,30.964502,-98.051921,61,MPH
132,08-04-2024 12:00:21,30.96484,-98.052686,62,MPH
135,08-04-2024 12:00:24,30.965177,-98.053467,62,MPH
138,08-04-2024 12:00:27,30.965519,-98.054264,63,MPH
141,08-04-2024 12:00:30,30.965865,-98.055078,63,MPH
144,08-04-2024 12:00:33,30.966211,-98.055859,62,MPH
147,08-04-2024 12:00:36,30.966549,-98.056641,62,MPH
150,08-04-2024 12:00:39,30.966886,-98.057406,59,MPH
153,08-04-2024 12:00:42,30.967228,-98.058154,59,MPH
156,08-04-2024 12:00:45,30.967582,-98.058903,61,MPH
159,08-04-2024 12:00:48,30.967948,-98.059668,62,MPH
162,08-04-2024 12:00:51,30.968306,-98.060417,61,MPH
165,08-04-2024 12:00:54,30.968656,-98.061165,59,MPH
168,08-04-2024 12:00:57,30.969006,-98.061898,59,MPH
171,08-04-2024 12:01:00,0.0,0.0,60,MPH
174,08-04-2024 12:01:03,30.96971,-98.063379,60,MPH
177,08-04-2024 12:01:06,30.970064,-98.064128,60,MPH
0,08-04-2024 12:01:09,30.970418,-98.064876,61,MPH
3,08-04-2024 12:01:12,30.97078,-98.065641,61,MPH
6,08-04-2024 12:01:15,0.0,0.0,61,MPH
9,08-04-2024 12:01:18,30.971493,-98.067139,60,MPH
12,08-04-2024 12:01:21,30.971851,-98.067887,61,MPH
15,08-04-2024 12:01:24,30.972213,-98.068636,61,MPH
18,08-04-2024 12:01:27,30.972571,-98.069385,61,MPH
21,08-04-2024 12:01:30,30.972925,-98.070133,60,MPH
24,08-04-2024 12:01:33,30.973279,-98.070882,60,MPH
27,08-04-2024 12:01:36,30.973633,-98.071631,60,MPH
30,08-04-2024 12:01:39,30.973995,-98.07238,61,MPH
33,08-04-2024 12:01:42,30.974353,-98.073128,61,MPH
36,08-04-2024 12:01:45,30.974715,-98.073877,61,MPH
39,08-04-2024 12:01:48,30.975077,-98.074642,61,MPH
42,08-04-2024 12:01:51,30.975435,-98.075407,61,MPH
45,08-04-2024 12:01:54,30.975793,-98.076172,61,MPH
48,08-04-2024 12:01:57,30.976156,-98.076937,61,MPH
51,08-04-2024 12:02:00,30.976522,-98.077702,62,MPH
54,08-04-2024 12:02:03,30.976884,-98.078467,62,MPH
57,08-04-2024 12:02:06,30.977279,-98.079215,62,MPH
60,08-04-2024 12:02:09,30.977722,-98.079915,61,MPH
63,08-04-2024 12:02:12,0.0,0.0,62,MPH
66,08-04-2024 12:02:15,30.978784,-98.081169,63,MPH
69,08-04-2024 12:02:18,30.97939,-98.081722,63,MPH
72,08-04-2024 12:02:21,30.980021,-98.082227,63,MPH
75,08-04-2024 12:02:24,30.980636,-98.082731,62,MPH
78,08-04-2024 12:02:27,30.981238,-98.083268,62,MPH
81,08-04-2024 12:02:30,30.98184,-98.083773,62,MPH
84,08-04-2024 12:02:33,30.98245,-98.084261,62,MPH
87,08-04-2024 12:02:36,30.983049,-98.084749,60,MPH
90,08-04-2024 12:02:39,30.983618,-98.085303,61,MPH
93,08-04-2024 12:02:42,30.984143,-98.085921,61,MPH
96,08-04-2024 12:02:45,30.984615,-98.086589,61,MPH
99,08-04-2024 12:02:48,30.985026,-98.087321,62,MPH
102,08-04-2024 12:02:51,30.985404,-98.088086,63,MPH
105,08-04-2024 12:02:54,30.985771,-98.088883,63,MPH
108,08-04-2024 12:02:57,30.986141,-98.089697,64,MPH
111,08-04-2024 12:03:00,30.986515,-98.090527,66,MPH
114,08-04-2024 12:03:03,30.986898,-98.091374,67,MPH
117,08-04-2024 12:03:06,0.0,0.0,67,MPH
120,08-04-2024 12:03:09,30.987667,-98.093034,66,MPH
123,08-04-2024 12:03:12,30.988045,-98.093864,66,MPH
126,08-04-2024 12:03:15,0.0,0.0,67,MPH
129,08-04-2024 12:03:18,0.0,0.0,67,MPH
132,08-04-2024 12:03:21,30.989205,-98.09637,67,MPH
135,08-04-2024 12:03:24,30.989587,-98.097201,67,MPH
138,08-04-2024 12:03:27,30.98997,-98.098031,66,MPH
141,08-04-2024 12:03:30,0.0,0.0,64,MPH
144,08-04-2024 12:03:33,30.990706,-98.099609,63,MPH
147,08-04-2024 12:03:36,0.0,0.0,63,MPH
150,08-04-2024 12:03:39,30.991435,-98.101188,65,MPH
153,08-04-2024 12:03:42,30.991809,-98.101986,64,MPH
156,08-04-2024 12:03:45,30.992216,-98.102767,64,MPH
159,08-04-2024 12:03:48,30.99268,-98.103516,65,MPH
162,08-04-2024 12:03:51,0.0,0.0,66,MPH
165,08-04-2024 12:03:54,30.993758,-98.104915,66,MPH
168,08-04-2024 12:03:57,30.994332,-98.105566,66,MPH
171,08-04-2024 12:04:00,30.994906,-98.106201,65,MPH
174,08-04-2024 12:04:03,30.995479,-98.106852,66,MPH
177,08-04-2024 12:04:06,30.996049,-98.107503,65,MPH
0,08-04-2024 12:04:09,30.996619,-98.108154,65,MPH
3,08-04-2024 12:04:12,30.997188,-98.108805,65,MPH
6,08-04-2024 12:04:15,30.997758,-98.10944,65,MPH
9,08-04-2024 12:04:18,30.998332,-98.110091,66,MPH
12,08-04-2024 12:04:21,30.998901,-98.110758,66,MPH
15,08-04-2024 12:04:24,30.999504,-98.111361,65,MPH
18,08-04-2024 12:04:27,31.000138,-98.111898,65,MPH
21,08-04-2024 12:04:30,0.0,0.0,65,MPH
24,08-04-2024 12:04:33,34.001485,-98.112874,65,MPH
27,08-04-2024 12:04:36,314.002157,-98.113363,65,MPH
30,08-04-2024 12:04:39,31.002828,-98.113835,64,MPH
33,08-04-2024 12:04:42,31.003487,-98.114307,64,MPH
36,08-04-2024 12:04:45,31.00415,-98.114779,64,MPH
39,08-04-2024 12:04:48,31.004814,-98.115267,64,MPH
42,08-04-2024 12:04:51,31.005481,-98.115739,64,MPH
45,08-04-2024 12:04:54,31.006136,-98.116227,64,MPH
48,08-04-2024 12:04:57,31.006771,-98.116748,64,MPH
51,08-04-2024 12:05:00,31.007389,-98.117318,64,MPH
54,08-04-2024 12:05:03,31.007983,-98.117904,64,MPH
57,08-04-2024 12:05:06,31.008569,-98.11849,62,MPH
60,08-04-2024 12:05:09,31.009139,-98.119043,61,MPH
63,08-04-2024 12:05:12,31.009733,-98.119564,60,MPH
66,08-04-2024 12:05:15,31.01038,-98.120036,62,MPH
69,08-04-2024 12:05:18,31.011056,-98.120443,62,MPH
72,08-04-2024 12:05:21,31.011739,-98.12085,63,MPH
75,08-04-2024 12:05:24,31.012427,-98.121257,63,MPH
78,08-04-2024 12:05:27,31.01311,-98.121647,61,MPH
81,08-04-2024 12:05:30,31.013802,-98.121973,62,MPH
84,08-04-2024 12:05:33,31.014547,-98.122233,65,MPH
87,08-04-2024 12:05:36,31.015316,-98.12251,66,MPH
90,08-04-2024 12:05:39,31.016085,-98.122754,65,MPH
93,08-04-2024 12:05:42,31.016842,-98.123014,64,MPH
96,08-04-2024 12:05:45,31.01759,-98.123258,63,MPH
99,08-04-2024 12:05:48,31.018319,-98.123519,63,MPH
102,08-04-2024 12:05:51,31.019006,-98.123877,63,MPH
105,08-04-2024 12:05:54,31.019637,-98.124382,61,MPH
108,08-04-2024 12:05:57,31.02019,-98.124967,61,MPH
111,08-04-2024 12:06:00,31.020683,-98.125602,59,MPH
114,08-04-2024 12:06:03,31.021167,-98.126221,59,MPH
117,08-04-2024 12:06:06,31.021651,-98.126839,58,MPH
120,08-04-2024 12:06:09,31.022156,-98.127425,58,MPH
123,08-04-2024 12:06:12,31.022693,-98.127946,58,MPH
126,08-04-2024 12:06:15,31.023254,-98.128418,56,MPH
129,08-04-2024 12:06:18,31.023824,-98.128874,57,MPH
132,08-04-2024 12:06:21,31.024394,-98.129329,57,MPH
135,08-04-2024 12:06:24,31.024967,-98.129769,57,MPH
138,08-04-2024 12:06:27,34.025545,-98.130208,57,MPH
141,08-04-2024 12:06:30,34.026123,-98.130648,57,MPH
144,08-04-2024 12:06:33,31.026701,-98.131104,57,MPH
147,08-04-2024 12:06:36,31.027279,-98.131559,57,MPH
150,08-04-2024 12:06:39,31.027832,-98.132031,56,MPH
153,08-04-2024 12:06:42,31.028345,-98.132552,55,MPH
156,08-04-2024 12:06:45,31.028817,-98.133105,56,MPH
159,08-04-2024 12:06:48,0.0,0.0,56,MPH
162,08-04-2024 12:06:51,31.029647,-98.134375,57,MPH
165,08-04-2024 12:06:54,31.030042,-98.135042,58,MPH
168,08-04-2024 12:06:57,31.030444,-98.135726,59,MPH
171,08-04-2024 12:07:00,0.0,0.0,60,MPH
174,08-04-2024 12:07:03,34.031258,-98.137126,60,MPH
177,08-04-2024 12:07:06,31.031681,-98.137842,60,MPH
0,08-04-2024 12:10:09,31.054065,-98.177946,16,MPH
3,08-04-2024 12:10:12,31.054203,-98.177995,10,MPH
6,08-04-2024 12:10:15,31.054268,-98.178027,4,MPH
9,08-04-2024 12:10:18,31.054297,-98.178027,2,MPH
12,08-04-2024 12:10:21,31.054305,-98.178027,0,MPH
15,08-04-2024 12:10:24,31.054305,-98.178027,0,MPH
18,08-04-2024 12:10:27,31.054301,-98.178027,0,MPH
21,08-04-2024 12:10:30,31.054301,-98.178027,0,MPH
24,08-04-2024 12:10:33,31.054297,-98.178027,0,MPH
27,08-04-2024 12:10:36,31.054297,-98.178027,0,MPH
30,08-04-2024 12:10:39,31.054297,-98.178027,0,MPH
33,08-04-2024 12:10:42,31.054293,-98.178027,0,MPH
36,08-04-2024 12:10:45,31.054293,-98.178027,0,MPH
39,08-04-2024 12:10:48,31.054293,-98.178027,0,MPH
42,08-04-2024 12:10:51,31.054297,-98.178027,0,MPH
45,08-04-2024 12:10:54,31.054366,-98.17806,9,MPH
48,08-04-2024 12:10:57,31.054537,-98.178125,18,MPH
51,08-04-2024 12:11:00,31.054777,-98.178223,22,MPH
54,08-04-2024 12:11:03,31.055062,-98.17832,25,MPH
57,08-04-2024 12:11:06,31.055375,-98.178451,28,MPH
60,08-04-2024 12:11:09,31.055705,-98.178597,28,MPH
63,08-04-2024 12:11:12,31.056034,-98.178727,28,MPH
66,08-04-2024 12:11:15,31.05636,-98.178874,26,MPH
69,08-04-2024 12:11:18,31.056653,-98.178988,25,MPH
72,08-04-2024 12:11:21,31.056938,-98.179118,25,MPH
75,08-04-2024 12:11:24,31.057202,-98.179215,20,MPH
78,08-04-2024 12:11:27,31.057406,-98.179313,16,MPH
81,08-04-2024 12:11:30,31.057576,-98.179378,14,MPH
84,08-04-2024 12:11:33,31.057735,-98.179443,14,MPH
87,08-04-2024 12:11:36,31.057918,-98.179525,15,MPH
90,08-04-2024 12:11:39,31.058053,-98.179574,8,MPH
93,08-04-2024 12:11:42,31.05813,-98.179606,5,MPH
96,08-04-2024 12:11:45,31.058175,-98.179639,4,MPH
99,08-04-2024 12:11:48,31.058215,-98.179655,0,MPH
102,08-04-2024 12:11:51,31.058228,-98.179655,0,MPH
105,08-04-2024 12:11:54,31.05824,-98.179671,0,MPH
108,08-04-2024 12:11:57,31.05826,-98.179671,0,MPH
111,08-04-2024 12:12:00,31.058333,-98.179704,9,MPH
114,08-04-2024 12:12:03,31.058451,-98.179753,10,MPH
117,08-04-2024 12:12:06,31.058586,-98.179801,12,MPH
120,08-04-2024 12:12:09,31.058724,-98.179834,9,MPH
123,"08-04-2024 1.

",31.058797,-98.179753,8,MPH
126,"08-04-2024 1:

",31.058887,-98.179655,11,MPH
129,08-04-2024 12:12:18,31.058984,-98.179541,10,MPH
132,08-04-2024 12:12:21,31.059078,-98.17946,9,MPH
135,"08-04-2024 1

",31.05918,-98.179362,11,MPH
138,08-04-2024 12:12:27,31.059298,-98.179248,12,MPH
141,"08-04-2024 12

",31.05942,-98.17915,12,MPH
144,"08-04-2024 12:12:
",31.059526,-98.179036,12,MPH
147,08-04-2024 12:12:36,31.05966,-98.178906,14,MPH
150,08-04-2024 12:12:39,31.059806,-98.178776,15,MPH
153,08-04-2024 12:12:42,31.059949,-98.17863,15,MPH
156,"08-04-2024 12:12:
",31.060087,-98.178483,14,MPH
159,08-04-2024 12:12:48,31.060221,-98.178353,14,MPH
162,"08-04-2024 12:12:5
",31.060339,-98.178255,9,MPH
165,08-04-2024 12:12:54,31.060461,-98.178271,11,MPH
168,08-04-2024 12:12:57,0.0,0.0,12,MPH
171,08-04-2024 12:13:00,31.060746,-98.178418,13,MPH
174,"08-04-2024 12:1

",31.060897,-98.178483,13,MPH
177,08-04-2024 12:13:06,31.061043,-98.178548,10,MPH
0,08-04-2024 12:13:09,31.061096,-98.178564,0,MPH
3,08-04-2024 12:13:12,31.0611,-98.178564,0,MPH
6,08-04-2024 12:13:15,31.0611,-98.178564,0,MPH
9,"08-04-2024 12:

",31.061145,-98.178581,6,MPH
12,08-04-2024 12:13:21,31.06123,-98.178597,6,MPH
15,08-04-2024 12:13:24,31.061275,-98.178613,2,MPH
18,08-04-2024 12:13:27,0.0,0.0,0,MPH
21,08-04-2024 12:13:30,0.0,0.0,0,MPH
24,08-04-2024 12:13:33,0.0,0.0,0,MPH
27,08-04-2024 12:13:36,0.0,0.0,0,MPH
30,08-04-2024 12:13:39,0.0,0.0,0,MPH
33,08-04-2024 12:13:42,31.061271,-98.178613,0,MPH
36,08-04-2024 12:13:45,31.061267,-98.178613,0,MPH
39,08-04-2024 12:13:48,0.0,0.0,0,MPH
42,08-04-2024 12:13:51,0.0,0.0,0,MPH
45,08-04-2024 12:13:54,0.0,0.0,0,MPH
48,08-04-2024 12:13:57,34.061267,-98.178597,0,MPH
51,08-04-2024 12:14:00,0.0,0.0,0,MPH
54,08-04-2024 12:14:03,0.0,0.0,0,MPH
57,08-04-2024 12:14:06,0.0,0.0,0,MPH
60,08-04-2024 12:14:09,0.0,0.0,0,MPH
63,08-04-2024 12:14:12,0.0,0.0,0,MPH
66,08-04-2024 12:14:15,0.0,0.0,0,MPH
69,08-04-2024 12:14:18,0.0,0.0,0,MPH
72,08-04-2024 12:14:21,0.0,0.0,0,MPH
75,08-04-2024 12:14:24,0.0,0.0,0,MPH
78,08-04-2024 12:14:27,0.0,0.0,0,MPH
81,08-04-2024 12:14:30,0.0,0.0,0,MPH
84,08-04-2024 12:14:33,0.0,0.0,0,MPH
87,08-04-2024 12:14:36,0.0,0.0,0,MPH
90,08-04-2024 12:14:39,0.0,0.0,0,MPH
93,08-04-2024 12:14:42,0.0,0.0,0,MPH
96,08-04-2024 12:14:45,0.0,0.0,0,MPH
99,08-04-2024 12:14:48,0.0,0.0,0,MPH
102,08-04-2024 12:14:51,0.0,0.0,0,MPH
105,08-04-2024 12:14:54,0.0,0.0,0,MPH
108,08-04-2024 12:14:57,0.0,0.0,0,MPH
111,08-04-2024 12:15:00,0.0,0.0,0,MPH
114,08-04-2024 12:15:03,0.0,0.0,0,MPH
117,08-04-2024 12:15:06,0.0,0.0,0,MPH
120,08-04-2024 12:15:09,31.061275,-98.178597,0,MPH
123,08-04-2024 12:15:12,0.0,0.0,0,MPH
126,08-04-2024 12:15:15,0.0,0.0,0,MPH
129,08-04-2024 12:15:18,0.0,0.0,0,MPH
132,08-04-2024 12:15:21,0.0,0.0,0,MPH
135,08-04-2024 12:15:24,0.0,0.0,0,MPH
138,08-04-2024 12:15:27,0.0,0.0,0,MPH
141,08-04-2024 12:15:30,0.0,0.0,0,MPH
144,08-04-2024 12:15:33,0.0,0.0,0,MPH
147,08-04-2024 12:15:36,0.0,0.0,0,MPH
150,08-04-2024 12:15:39,0.0,0.0,0,MPH
153,08-04-2024 12:15:42,31.061279,-98.178597,0,MPH
156,08-04-2024 12:15:45,31.061279,-98.178597,0,MPH
159,08-04-2024 12:15:48,0.0,0.0,0,MPH
162,08-04-2024 12:15:51,0.0,0.0,0,MPH
165,08-04-2024 12:15:54,0.0,0.0,0,MPH
168,08-04-2024 12:15:57,0.0,0.0,0,MPH
171,08-04-2024 12:16:00,0.0,0.0,0,MPH
174,08-04-2024 12:16:03,0.0,0.0,0,MPH
177,08-04-2024 12:16:06,31.061279,-98.178597,0,MPH
